L1,C,L1L2,L2,AaA,LoR,Edu.day,Sex,Family,ISO639.3,Enroll,Speaking,morph,lex,new_feat,new_sounds,NotMono
Albanian,Albania,AlbanianEnglish,English,27,2,4,Female,Indo-European,sqi,78,557,0.0412,0.595079,11,21,TRUE
Albanian,Yugoslavia,AlbanianCroatian,Croatian,35,4,4,Female,Indo-European,sqi,85,460,0.0412,0.595079,11,21,TRUE
Albanian,Yugoslavia,AlbanianEnglish,English,17,3,2,Female,Indo-European,sqi,85,560,0.0412,0.595079,11,21,TRUE
Albanian,Albania,AlbanianMonolingual,Monolingual,33,3,3,Male,Indo-European,sqi,78,458,0.0412,0.595079,11,21,FALSE
Albanian,Yugoslavia,AlbanianEnglish,English,19,6,3,Male,Indo-European,sqi,85,529,0.0412,0.595079,11,21,TRUE
Albanian,Albania,AlbanianEnglish,English,21,2,3,Female,Indo-European,sqi,78,542,0.0412,0.595079,11,21,TRUE
Albanian,Albania,AlbanianItalian,Italian,33,1,3,Male,Indo-European,sqi,78,508,0.0412,0.595079,11,21,TRUE
Albanian,Albania,AlbanianItalian,Italian,25,8,3,Male,Indo-European,sqi,78,532,0.0412,0.595079,11,21,TRUE
Albanian,Yugoslavia,AlbanianMonolingual,Monolingual,25,16,2,Female,Indo-European,sqi,85,508,0.0412,0.595079,11,21,FALSE
Albanian,Yugoslavia,AlbanianMonolingual,Monolingual,16,5,2,Male,Indo-European,sqi,85,517,0.0412,0.595079,11,21,FALSE
Amharic,Ethiopia,AmharicEnglish,English,28,5,3,Male,Afro-Asiatic,amh,25,490,0.0657,0.595079,18,19,TRUE
Amharic,Ethiopia,AmharicEnglish,English,29,5,4,Female,Afro-Asiatic,amh,25,527,0.0657,0.595079,18,19,TRUE
Amharic,Ethiopia,AmharicEnglish,English,39,1,4,Male,Afro-Asiatic,amh,25,497,0.0657,0.595079,18,19,TRUE
Amharic,Ethiopia,AmharicEnglish,English,16,5,3,Male,Afro-Asiatic,amh,25,482,0.0657,0.595079,18,19,TRUE
Amharic,Ethiopia,AmharicEnglish,English,37,4,4,Male,Afro-Asiatic,amh,25,477,0.0657,0.595079,18,19,TRUE
Amharic,Ethiopia,AmharicEnglish,English,28,3,4,Male,Afro-Asiatic,amh,25,451,0.0657,0.595079,18,19,TRUE
Amharic,Ethiopia,AmharicEnglish,English,27,3,4,Male,Afro-Asiatic,amh,25,511,0.0657,0.595079,18,19,TRUE
Amharic,Ethiopia,AmharicEnglish,English,18,12,3,Female,Afro-Asiatic,amh,25,473,0.0657,0.595079,18,19,TRUE
Amharic,Ethiopia,AmharicEnglish,English,22,3,3,Female,Afro-Asiatic,amh,25,499,0.0657,0.595079,18,19,TRUE
Amharic,Ethiopia,AmharicEnglish,English,28,5,3,Male,Afro-Asiatic,amh,25,466,0.0657,0.595079,18,19,TRUE
Arabic,Iraq,ArabicEnglish,English,34,2,4,Male,Afro-Asiatic,ara,47,527,0.0638,0.595079,21,24,TRUE
Arabic,Iraq,ArabicRussian,Russian,33,3,4,Male,Afro-Asiatic,ara,47,429,0.0638,0.595079,21,24,TRUE
Arabic,Iraq,ArabicEnglish,English,25,3,4,Male,Afro-Asiatic,ara,47,502,0.0638,0.595079,21,24,TRUE
Arabic,Iraq,ArabicEnglish,English,36,3,4,Male,Afro-Asiatic,ara,47,479,0.0638,0.595079,21,24,TRUE
Arabic,Syria,ArabicMonolingual,Monolingual,22,2,1,Female,Afro-Asiatic,ara,67,604,0.0638,0.595079,21,24,FALSE
Arabic,Morocco,ArabicSpanish,Spanish,22,3,3,Male,Afro-Asiatic,ara,49,466,0.0638,0.595079,21,24,TRUE
Arabic,Morocco,ArabicFrench,French,35,5,3,Male,Afro-Asiatic,ara,49,530,0.0638,0.595079,21,24,TRUE
Arabic,Morocco,ArabicFrench,French,27,1,1,Male,Afro-Asiatic,ara,49,461,0.0638,0.595079,21,24,TRUE
Arabic,Morocco,ArabicEnglish,English,19,10,4,Female,Afro-Asiatic,ara,49,489,0.0638,0.595079,21,24,TRUE
Arabic,Morocco,ArabicFrench,French,22,0,3,Male,Afro-Asiatic,ara,49,496,0.0638,0.595079,21,24,TRUE
Armenian,Iraq,ArmenianEnglish,English,12,11,1,Female,Indo-European,hye,47,560,0.0298,0.492995,21,23,TRUE
Armenian,Armenia,ArmenianRussian,Russian,26,8,1,Female,Indo-European,hye,88,507,0.0298,0.492995,21,23,TRUE
Armenian,USSR,ArmenianRussian,Russian,24,6,3,Male,Indo-European,hye,90,501,0.0298,0.492995,21,23,TRUE
Armenian,Armenia,ArmenianEnglish,English,23,4,3,Female,Indo-European,hye,88,495,0.0298,0.492995,21,23,TRUE
Armenian,Azerbaijan,ArmenianRussian,Russian,25,9,2,Female,Indo-European,hye,84,552,0.0298,0.492995,21,23,TRUE
Armenian,USSR,ArmenianEnglish,English,34,4,4,Female,Indo-European,hye,90,538,0.0298,0.492995,21,23,TRUE
Armenian,Turkey,ArmenianRussian,Russian,22,10,1,Female,Indo-European,hye,79,526,0.0298,0.492995,21,23,TRUE
Armenian,Iran,ArmenianPersian,Persian,25,4,3,Female,Indo-European,hye,77,474,0.0298,0.492995,21,23,TRUE
Armenian,Armenia,ArmenianGerman,German,31,1,3,Female,Indo-European,hye,88,512,0.0298,0.492995,21,23,TRUE
Armenian,USSR,ArmenianTurkish,Turkish,17,4,2,Female,Indo-European,hye,90,525,0.0298,0.492995,21,23,TRUE
Bosnian,BosniaandHerzegovina,BosnianGerman,German,27,2,4,Female,Indo-European,bos,91,512,0.0638,0.395005,11,19,TRUE
Bosnian,BosniaandHerzegovina,BosnianEnglish,English,24,2,3,Female,Indo-European,bos,91,493,0.0638,0.395005,11,19,TRUE
Bosnian,BosniaandHerzegovina,BosnianEnglish,English,29,16,3,Male,Indo-European,bos,91,523,0.0638,0.395005,11,19,TRUE
Bosnian,BosniaandHerzegovina,BosnianMonolingual,Monolingual,22,2,3,Male,Indo-European,bos,91,525,0.0638,0.395005,11,19,FALSE
Bosnian,BosniaandHerzegovina,BosnianEnglish,English,8,12,3,Female,Indo-European,bos,91,533,0.0638,0.395005,11,19,TRUE
Bosnian,BosniaandHerzegovina,BosnianRussian,Russian,25,10,3,Female,Indo-European,bos,91,568,0.0638,0.395005,11,19,TRUE
Bosnian,BosniaandHerzegovina,BosnianGerman,German,26,1,3,Female,Indo-European,bos,91,602,0.0638,0.395005,11,19,TRUE
Bosnian,BosniaandHerzegovina,BosnianEnglish,English,28,1,4,Female,Indo-European,bos,91,549,0.0638,0.395005,11,19,TRUE
Bosnian,BosniaandHerzegovina,BosnianMonolingual,Monolingual,37,13,3,Female,Indo-European,bos,91,511,0.0638,0.395005,11,19,FALSE
Bosnian,BosniaandHerzegovina,BosnianEnglish,English,24,3,4,Male,Indo-European,bos,91,512,0.0638,0.395005,11,19,TRUE
Bulgarian,Bulgaria,BulgarianEnglish,English,21,3,2,Female,Indo-European,bul,90,549,0.0642,0.411091,12,21,TRUE
Bulgarian,Bulgaria,BulgarianEnglish,English,19,2,3,Female,Indo-European,bul,90,529,0.0642,0.411091,12,21,TRUE
Bulgarian,Bulgaria,BulgarianEnglish,English,30,1,4,Female,Indo-European,bul,90,523,0.0642,0.411091,12,21,TRUE
Bulgarian,Bulgaria,BulgarianEnglish,English,42,3,3,Female,Indo-European,bul,90,480,0.0642,0.411091,12,21,TRUE
Bulgarian,Bulgaria,BulgarianEnglish,English,34,4,4,Female,Indo-European,bul,90,567,0.0642,0.411091,12,21,TRUE
Bulgarian,Bulgaria,BulgarianMonolingual,Monolingual,31,2,3,Male,Indo-European,bul,90,599,0.0642,0.411091,12,21,FALSE
Bulgarian,Bulgaria,BulgarianGerman,German,39,3,4,Female,Indo-European,bul,90,460,0.0642,0.411091,12,21,TRUE
Bulgarian,Bulgaria,BulgarianEnglish,English,20,1,3,Female,Indo-European,bul,90,517,0.0642,0.411091,12,21,TRUE
Bulgarian,Bulgaria,BulgarianEnglish,English,33,3,4,Female,Indo-European,bul,90,509,0.0642,0.411091,12,21,TRUE
Bulgarian,Bulgaria,BulgarianEnglish,English,24,2,4,Female,Indo-European,bul,90,542,0.0642,0.411091,12,21,TRUE
Byelorussian,Belarus,ByelorussianGerman,German,29,8,3,Female,Indo-European,bel,96,592,0.0468,0.398188,12,22,TRUE
Byelorussian,Belarus,ByelorussianEnglish,English,27,2,4,Female,Indo-European,bel,96,521,0.0468,0.398188,12,22,TRUE
Byelorussian,USSR,ByelorussianRussian,Russian,46,4,3,Female,Indo-European,bel,90,498,0.0468,0.398188,12,22,TRUE
Byelorussian,Belarus,ByelorussianGerman,German,22,3,3,Female,Indo-European,bel,96,501,0.0468,0.398188,12,22,TRUE
Byelorussian,Belarus,ByelorussianEnglish,English,23,5,4,Female,Indo-European,bel,96,515,0.0468,0.398188,12,22,TRUE
Byelorussian,Yugoslavia,ByelorussianEnglish,English,25,3,4,Female,Indo-European,bel,85,561,0.0468,0.398188,12,22,TRUE
Byelorussian,Belarus,ByelorussianEnglish,English,24,3,4,Female,Indo-European,bel,96,577,0.0468,0.398188,12,22,TRUE
Byelorussian,Belarus,ByelorussianEnglish,English,27,4,4,Female,Indo-European,bel,96,521,0.0468,0.398188,12,22,TRUE
Byelorussian,UnitedKingdom,ByelorussianGerman,German,32,1,1,Female,Indo-European,bel,105,550,0.0468,0.398188,12,22,TRUE
Byelorussian,Belarus,ByelorussianEnglish,English,30,1,3,Female,Indo-European,bel,96,535,0.0468,0.398188,12,22,TRUE
Catalan,Spain,CatalanSpanish,Spanish,21,3,4,Female,Indo-European,cat,118,528,0.0193,0.39545,17,19,TRUE
Catalan,Spain,CatalanEnglish,English,25,1,3,Male,Indo-European,cat,118,558,0.0193,0.39545,17,19,TRUE
Catalan,Spain,CatalanRomansch,Romansch,27,4,1,Female,Indo-European,cat,118,529,0.0193,0.39545,17,19,TRUE
Catalan,Spain,CatalanEnglish,English,23,1,4,Male,Indo-European,cat,118,523,0.0193,0.39545,17,19,TRUE
Catalan,Spain,CatalanEnglish,English,29,1,4,Female,Indo-European,cat,118,516,0.0193,0.39545,17,19,TRUE
Catalan,Spain,CatalanSpanish,Spanish,30,1,4,Female,Indo-European,cat,118,500,0.0193,0.39545,17,19,TRUE
Catalan,Spain,CatalanSpanish,Spanish,21,1,3,Female,Indo-European,cat,118,511,0.0193,0.39545,17,19,TRUE
Catalan,Spain,CatalanSpanish,Spanish,40,3,1,Female,Indo-European,cat,118,497,0.0193,0.39545,17,19,TRUE
Catalan,Spain,CatalanEnglish,English,35,1,4,Female,Indo-European,cat,118,518,0.0193,0.39545,17,19,TRUE
Catalan,Spain,CatalanEnglish,English,21,3,4,Female,Indo-European,cat,118,520,0.0193,0.39545,17,19,TRUE
Croatian,Croatia,CroatianEnglish,English,30,2,3,Female,Indo-European,hrv,93,516,0.0638,0.395005,11,19,TRUE
Croatian,Yugoslavia,CroatianEnglish,English,30,4,4,Female,Indo-European,hrv,85,539,0.0638,0.395005,11,19,TRUE
Croatian,Yugoslavia,CroatianGerman,German,37,2,4,Female,Indo-European,hrv,85,519,0.0638,0.395005,11,19,TRUE
Croatian,Yugoslavia,CroatianEnglish,English,27,1,4,Female,Indo-European,hrv,85,503,0.0638,0.395005,11,19,TRUE
Croatian,Yugoslavia,CroatianMonolingual,Monolingual,37,2,3,Male,Indo-European,hrv,85,485,0.0638,0.395005,11,19,FALSE
Croatian,Yugoslavia,CroatianEnglish,English,18,3,3,Male,Indo-European,hrv,85,506,0.0638,0.395005,11,19,TRUE
Croatian,Yugoslavia,CroatianEnglish,English,33,7,4,Male,Indo-European,hrv,85,488,0.0638,0.395005,11,19,TRUE
Croatian,Yugoslavia,CroatianEnglish,English,26,3,3,Female,Indo-European,hrv,85,514,0.0638,0.395005,11,19,TRUE
Croatian,Yugoslavia,CroatianEnglish,English,21,3,3,Male,Indo-European,hrv,85,527,0.0638,0.395005,11,19,TRUE
Croatian,Yugoslavia,CroatianMonolingual,Monolingual,28,17,3,Male,Indo-European,hrv,85,498,0.0638,0.395005,11,19,FALSE
Czech,Czechslowakia,CzechEnglish,English,32,1,3,Female,Indo-European,ces,90,475,0.054,0.38518,9,15,TRUE
Czech,Czechslowakia,CzechMonolingual,Monolingual,35,1,3,Female,Indo-European,ces,90,516,0.054,0.38518,9,15,FALSE
Czech,Czechslowakia,CzechEnglish,English,21,2,3,Female,Indo-European,ces,90,522,0.054,0.38518,9,15,TRUE
Czech,Czechslowakia,CzechEnglish,English,23,4,3,Female,Indo-European,ces,90,521,0.054,0.38518,9,15,TRUE
Czech,Czechslowakia,CzechEnglish,English,20,1,3,Female,Indo-European,ces,90,576,0.054,0.38518,9,15,TRUE
Czech,CzechRepublic,CzechGerman,German,21,3,3,Female,Indo-European,ces,95,546,0.054,0.38518,9,15,TRUE
Czech,Czechslowakia,CzechEnglish,English,20,3,3,Female,Indo-European,ces,90,604,0.054,0.38518,9,15,TRUE
Czech,Czechslowakia,CzechEnglish,English,23,0,1,Male,Indo-European,ces,90,522,0.054,0.38518,9,15,TRUE
Czech,Czechslowakia,CzechEnglish,English,23,0,3,Female,Indo-European,ces,90,525,0.054,0.38518,9,15,TRUE
Czech,CzechRepublic,CzechGerman,German,28,0,4,Female,Indo-European,ces,95,535,0.054,0.38518,9,15,TRUE
English,UnitedStates,EnglishMonolingual,Monolingual,22,3,3,Female,Indo-European,eng,94,534,0.0094,0.083191,11,19,FALSE
English,UnitedKingdom,EnglishMonolingual,Monolingual,30,6,4,Male,Indo-European,eng,105,538,0.0094,0.083191,11,19,FALSE
English,India,EnglishFrench,French,24,1,4,Female,Indo-European,eng,54,528,0.0094,0.083191,11,19,TRUE
English,Malaysia,EnglishChinese,Chinese,24,1,3,Female,Indo-European,eng,69,501,0.0094,0.083191,11,19,TRUE
English,Italy,EnglishPortugese,Portugese,13,5,3,Male,Indo-European,eng,99,585,0.0094,0.083191,11,19,TRUE
English,UnitedStates,EnglishMonolingual,Monolingual,28,3,3,Male,Indo-European,eng,94,516,0.0094,0.083191,11,19,FALSE
English,UnitedStates,EnglishMonolingual,Monolingual,26,1,4,Female,Indo-European,eng,94,556,0.0094,0.083191,11,19,FALSE
English,UnitedStates,EnglishMonolingual,Monolingual,22,2,4,Female,Indo-European,eng,94,564,0.0094,0.083191,11,19,FALSE
English,UnitedStates,EnglishMonolingual,Monolingual,36,2,1,Female,Indo-European,eng,94,553,0.0094,0.083191,11,19,FALSE
English,UnitedKingdom,EnglishMonolingual,Monolingual,38,2,1,Female,Indo-European,eng,105,502,0.0094,0.083191,11,19,FALSE
Finnish,Finland,FinnishEnglish,English,16,5,3,Female,Uralic,fin,111,539,0.0277,0.595079,13,17,TRUE
Finnish,Finland,FinnishEnglish,English,32,3,4,Female,Uralic,fin,111,479,0.0277,0.595079,13,17,TRUE
Finnish,Finland,FinnishEnglish,English,26,1,4,Female,Uralic,fin,111,589,0.0277,0.595079,13,17,TRUE
Finnish,Finland,FinnishEnglish,English,22,20,3,Female,Uralic,fin,111,597,0.0277,0.595079,13,17,TRUE
Finnish,Finland,FinnishEnglish,English,27,1,1,Male,Uralic,fin,111,483,0.0277,0.595079,13,17,TRUE
Finnish,Finland,FinnishEnglish,English,20,2,3,Female,Uralic,fin,111,501,0.0277,0.595079,13,17,TRUE
Finnish,Finland,FinnishEnglish,English,19,2,3,Female,Uralic,fin,111,525,0.0277,0.595079,13,17,TRUE
Finnish,Finland,FinnishEnglish,English,37,3,2,Female,Uralic,fin,111,514,0.0277,0.595079,13,17,TRUE
Finnish,Finland,FinnishEnglish,English,32,2,4,Female,Uralic,fin,111,517,0.0277,0.595079,13,17,TRUE
Finnish,Finland,FinnishEnglish,English,20,19,3,Male,Uralic,fin,111,576,0.0277,0.595079,13,17,TRUE
French,Brazil,FrenchEnglish,English,25,14,4,Female,Indo-European,fra,106,595,0.0128,0.398095,10,15,TRUE
French,France,FrenchEnglish,English,21,1,3,Male,Indo-European,fra,113,497,0.0128,0.398095,10,15,TRUE
French,Burundi,FrenchMonolingual,Monolingual,25,1,3,Female,Indo-European,fra,13,482,0.0128,0.398095,10,15,FALSE
French,France,FrenchEnglish,English,18,6,3,Male,Indo-European,fra,113,502,0.0128,0.398095,10,15,TRUE
French,France,FrenchEnglish,English,42,2,3,Male,Indo-European,fra,113,521,0.0128,0.398095,10,15,TRUE
French,France,FrenchEnglish,English,32,1,1,Female,Indo-European,fra,113,477,0.0128,0.398095,10,15,TRUE
French,France,FrenchEnglish,English,24,3,4,Female,Indo-European,fra,113,528,0.0128,0.398095,10,15,TRUE
French,USSR,FrenchRomansch,Romansch,20,1,2,Female,Indo-European,fra,90,560,0.0128,0.398095,10,15,TRUE
French,UnitedStates,FrenchEnglish,English,26,3,1,Female,Indo-European,fra,94,489,0.0128,0.398095,10,15,TRUE
French,France,FrenchEnglish,English,27,2,4,Female,Indo-European,fra,113,516,0.0128,0.398095,10,15,TRUE
Fulani,SierraLeone,FulaniEnglish,English,17,3,2,Male,Niger-Congo,fub,27,493,0.1271,0.595079,17,20,TRUE
Fulani,SierraLeone,FulaniEnglish,English,18,2,3,Male,Niger-Congo,fub,27,514,0.1271,0.595079,17,20,TRUE
Fulani,Guinea,FulaniFrench,French,17,5,2,Male,Niger-Congo,fub,30,575,0.1271,0.595079,17,20,TRUE
Fulani,SierraLeone,FulaniEnglish,English,17,2,3,Male,Niger-Congo,fub,27,462,0.1271,0.595079,17,20,TRUE
Fulani,SierraLeone,FulaniEnglish,English,17,4,2,Male,Niger-Congo,fub,27,512,0.1271,0.595079,17,20,TRUE
Fulani,SierraLeone,FulaniEnglish,English,26,3,3,Male,Niger-Congo,fub,27,495,0.1271,0.595079,17,20,TRUE
Fulani,SierraLeone,FulaniEnglish,English,17,2,2,Male,Niger-Congo,fub,27,506,0.1271,0.595079,17,20,TRUE
Fulani,SierraLeone,FulaniEnglish,English,30,9,1,Male,Niger-Congo,fub,27,511,0.1271,0.595079,17,20,TRUE
Fulani,SierraLeone,FulaniEnglish,English,18,3,1,Male,Niger-Congo,fub,27,449,0.1271,0.595079,17,20,TRUE
Fulani,SierraLeone,FulaniEnglish,English,16,3,1,Male,Niger-Congo,fub,27,499,0.1271,0.595079,17,20,TRUE
Georgian,USSR,GeorgianRussian,Russian,21,6,3,Female,Kartvelian,kat,90,446,0.0183,0.595079,24,27,TRUE
Georgian,USSR,GeorgianRussian,Russian,25,3,1,Female,Kartvelian,kat,90,507,0.0183,0.595079,24,27,TRUE
Georgian,Russia,GeorgianEnglish,English,35,2,2,Female,Kartvelian,kat,84,515,0.0183,0.595079,24,27,TRUE
Georgian,USSR,GeorgianRussian,Russian,19,4,3,Female,Kartvelian,kat,90,534,0.0183,0.595079,24,27,TRUE
Georgian,USSR,GeorgianRussian,Russian,31,4,4,Female,Kartvelian,kat,90,478,0.0183,0.595079,24,27,TRUE
Georgian,Georgia,GeorgianRussian,Russian,18,4,1,Female,Kartvelian,kat,81,508,0.0183,0.595079,24,27,TRUE
Georgian,Georgia,GeorgianEnglish,English,32,1,4,Female,Kartvelian,kat,81,483,0.0183,0.595079,24,27,TRUE
Georgian,USSR,GeorgianRussian,Russian,31,4,4,Female,Kartvelian,kat,90,506,0.0183,0.595079,24,27,TRUE
Georgian,USSR,GeorgianRussian,Russian,30,3,3,Male,Kartvelian,kat,90,517,0.0183,0.595079,24,27,TRUE
Georgian,Russia,GeorgianRussian,Russian,25,5,1,Male,Kartvelian,kat,84,495,0.0183,0.595079,24,27,TRUE
German,Switzerland,GermanEnglish,English,25,1,3,Female,Indo-European,deu,94,631,-0.0171,0.037325,6,13,TRUE
German,Germany,GermanSpanish,Spanish,37,1,4,Female,Indo-European,deu,101,581,-0.0171,0.037325,6,13,TRUE
German,Germany,GermanEnglish,English,29,1,4,Female,Indo-European,deu,101,568,-0.0171,0.037325,6,13,TRUE
German,Germany,GermanEnglish,English,26,1,4,Female,Indo-European,deu,101,555,-0.0171,0.037325,6,13,TRUE
German,Germany,GermanEnglish,English,22,0,3,Male,Indo-European,deu,101,532,-0.0171,0.037325,6,13,TRUE
German,Germany,GermanEnglish,English,28,0,1,Male,Indo-European,deu,101,521,-0.0171,0.037325,6,13,TRUE
German,Switzerland,GermanEnglish,English,27,1,3,Female,Indo-European,deu,94,589,-0.0171,0.037325,6,13,TRUE
German,Germany,GermanMonolingual,Monolingual,25,1,3,Female,Indo-European,deu,101,563,-0.0171,0.037325,6,13,FALSE
German,Germany,GermanEnglish,English,26,24,4,Male,Indo-European,deu,101,622,-0.0171,0.037325,6,13,TRUE
German,Germany,GermanEnglish,English,37,1,3,Male,Indo-European,deu,101,521,-0.0171,0.037325,6,13,TRUE
Greek,Greece,GreekEnglish,English,25,3,4,Female,Indo-European,ell,102,529,0.0403,0.497357,21,18,TRUE
Greek,Greece,GreekEnglish,English,24,1,4,Female,Indo-European,ell,102,540,0.0403,0.497357,21,18,TRUE
Greek,Greece,GreekEnglish,English,28,1,4,Female,Indo-European,ell,102,507,0.0403,0.497357,21,18,TRUE
Greek,Greece,GreekEnglish,English,18,1,3,Male,Indo-European,ell,102,487,0.0403,0.497357,21,18,TRUE
Greek,Greece,GreekEnglish,English,28,4,4,Female,Indo-European,ell,102,536,0.0403,0.497357,21,18,TRUE
Greek,Greece,GreekEnglish,English,32,2,3,Female,Indo-European,ell,102,508,0.0403,0.497357,21,18,TRUE
Greek,Greece,GreekEnglish,English,23,3,3,Female,Indo-European,ell,102,553,0.0403,0.497357,21,18,TRUE
Greek,Germany,GreekGerman,German,28,1,2,Female,Indo-European,ell,101,531,0.0403,0.497357,21,18,TRUE
Greek,Greece,GreekMonolingual,Monolingual,26,4,3,Male,Indo-European,ell,102,499,0.0403,0.497357,21,18,FALSE
Greek,Armenia,GreekArmenian,Armenian,34,2,3,Male,Indo-European,ell,88,538,0.0403,0.497357,21,18,TRUE
Hindi,India,HindiEnglish,English,36,2,4,Female,Indo-European,hin,54,484,0.0468,0.530183,13,21,TRUE
Hindi,India,HindiEnglish,English,28,0,4,Female,Indo-European,hin,54,533,0.0468,0.530183,13,21,TRUE
Hindi,India,HindiEnglish,English,19,21,1,Female,Indo-European,hin,54,499,0.0468,0.530183,13,21,TRUE
Hindi,India,HindiEnglish,English,28,7,4,Male,Indo-European,hin,54,537,0.0468,0.530183,13,21,TRUE
Hindi,India,HindiEnglish,English,27,3,2,Female,Indo-European,hin,54,477,0.0468,0.530183,13,21,TRUE
Hindi,India,HindiMonolingual,Monolingual,27,5,3,Female,Indo-European,hin,54,463,0.0468,0.530183,13,21,FALSE
Hindi,Pakistan,HindiEnglish,English,37,11,1,Female,Indo-European,hin,29,403,0.0468,0.530183,13,21,TRUE
Hindi,India,HindiEnglish,English,26,2,4,Male,Indo-European,hin,54,482,0.0468,0.530183,13,21,TRUE
Hindi,India,HindiEnglish,English,22,25,4,Female,Indo-European,hin,54,535,0.0468,0.530183,13,21,TRUE
Hindi,India,HindiEnglish,English,21,4,3,Female,Indo-European,hin,54,488,0.0468,0.530183,13,21,TRUE
Hungarian,Romania,HungarianEnglish,English,27,3,4,Female,Uralic,hun,86,553,0.0101,0.595079,6,13,TRUE
Hungarian,Hungary,HungarianEnglish,English,30,0,4,Female,Uralic,hun,96,498,0.0101,0.595079,6,13,TRUE
Hungarian,Hungary,HungarianEnglish,English,22,0,3,Female,Uralic,hun,96,548,0.0101,0.595079,6,13,TRUE
Hungarian,Hungary,HungarianEnglish,English,27,1,4,Female,Uralic,hun,96,475,0.0101,0.595079,6,13,TRUE
Hungarian,Hungary,HungarianGerman,German,25,1,4,Female,Uralic,hun,96,584,0.0101,0.595079,6,13,TRUE
Hungarian,Romania,HungarianRomanian,Romanian,24,1,3,Female,Uralic,hun,86,493,0.0101,0.595079,6,13,TRUE
Hungarian,Hungary,HungarianEnglish,English,26,1,3,Female,Uralic,hun,96,554,0.0101,0.595079,6,13,TRUE
Hungarian,Hungary,HungarianEnglish,English,29,1,4,Male,Uralic,hun,96,554,0.0101,0.595079,6,13,TRUE
Hungarian,Hungary,HungarianGerman,German,23,2,4,Female,Uralic,hun,96,581,0.0101,0.595079,6,13,TRUE
Hungarian,Hungary,HungarianEnglish,English,23,3,3,Female,Uralic,hun,96,520,0.0101,0.595079,6,13,TRUE
Icelandic,Iceland,IcelandicEnglish,English,22,1,3,Female,Indo-European,isl,109,533,0.0059,0.117423,14,20,TRUE
Icelandic,Iceland,IcelandicEnglish,English,29,1,4,Female,Indo-European,isl,109,568,0.0059,0.117423,14,20,TRUE
Icelandic,Iceland,IcelandicGerman,German,39,0,1,Female,Indo-European,isl,109,499,0.0059,0.117423,14,20,TRUE
Icelandic,Iceland,IcelandicEnglish,English,18,2,3,Female,Indo-European,isl,109,551,0.0059,0.117423,14,20,TRUE
Icelandic,Germany,IcelandicEnglish,English,35,4,3,Female,Indo-European,isl,101,564,0.0059,0.117423,14,20,TRUE
Icelandic,Italy,IcelandicChinese,Chinese,49,4,4,Female,Indo-European,isl,99,481,0.0059,0.117423,14,20,TRUE
Icelandic,Iceland,IcelandicEnglish,English,23,1,3,Male,Indo-European,isl,109,557,0.0059,0.117423,14,20,TRUE
Icelandic,Iceland,IcelandicSpanish,Spanish,26,2,4,Female,Indo-European,isl,109,591,0.0059,0.117423,14,20,TRUE
Icelandic,Iceland,IcelandicEnglish,English,33,1,4,Female,Indo-European,isl,109,531,0.0059,0.117423,14,20,TRUE
Icelandic,Iceland,IcelandicEnglish,English,28,1,4,Male,Indo-European,isl,109,537,0.0059,0.117423,14,20,TRUE
Igbo,Nigeria,IgboEnglish,English,29,5,3,Male,Niger-Congo,ibo,35,498,0.3269,0.595079,15,17,TRUE
Igbo,Nigeria,IgboEnglish,English,27,11,3,Male,Niger-Congo,ibo,35,472,0.3269,0.595079,15,17,TRUE
Igbo,Nigeria,IgboEnglish,English,23,6,1,Female,Niger-Congo,ibo,35,523,0.3269,0.595079,15,17,TRUE
Igbo,Nigeria,IgboEnglish,English,45,9,1,Male,Niger-Congo,ibo,35,494,0.3269,0.595079,15,17,TRUE
Igbo,Nigeria,IgboEnglish,English,33,8,4,Male,Niger-Congo,ibo,35,500,0.3269,0.595079,15,17,TRUE
Igbo,Nigeria,IgboEnglish,English,39,2,4,Male,Niger-Congo,ibo,35,525,0.3269,0.595079,15,17,TRUE
Igbo,Nigeria,IgboEnglish,English,29,1,3,Female,Niger-Congo,ibo,35,494,0.3269,0.595079,15,17,TRUE
Igbo,Nigeria,IgboEnglish,English,23,2,2,Female,Niger-Congo,ibo,35,524,0.3269,0.595079,15,17,TRUE
Igbo,Nigeria,IgboEnglish,English,33,7,4,Male,Niger-Congo,ibo,35,434,0.3269,0.595079,15,17,TRUE
Igbo,Nigeria,IgboEnglish,English,27,2,4,Female,Niger-Congo,ibo,35,487,0.3269,0.595079,15,17,TRUE
Indonesian,Indonesia,IndonesianMonolingual,Monolingual,22,8,3,Female,Austronesian,ind,64,528,0.1461,0.595079,19,20,FALSE
Indonesian,Indonesia,IndonesianEnglish,English,23,2,4,Female,Austronesian,ind,64,507,0.1461,0.595079,19,20,TRUE
Indonesian,Indonesia,IndonesianMonolingual,Monolingual,25,6,2,Female,Austronesian,ind,64,501,0.1461,0.595079,19,20,FALSE
Indonesian,Indonesia,IndonesianMonolingual,Monolingual,26,1,3,Female,Austronesian,ind,64,477,0.1461,0.595079,19,20,FALSE
Indonesian,Indonesia,IndonesianEnglish,English,28,2,4,Female,Austronesian,ind,64,552,0.1461,0.595079,19,20,TRUE
Indonesian,Indonesia,IndonesianMonolingual,Monolingual,24,1,3,Female,Austronesian,ind,64,494,0.1461,0.595079,19,20,FALSE
Indonesian,Indonesia,IndonesianEnglish,English,24,6,4,Female,Austronesian,ind,64,530,0.1461,0.595079,19,20,TRUE
Indonesian,Indonesia,IndonesianMonolingual,Monolingual,21,2,3,Male,Austronesian,ind,64,488,0.1461,0.595079,19,20,FALSE
Indonesian,Indonesia,IndonesianMonolingual,Monolingual,25,2,3,Female,Austronesian,ind,64,532,0.1461,0.595079,19,20,FALSE
Indonesian,Indonesia,IndonesianMonolingual,Monolingual,22,6,2,Female,Austronesian,ind,64,506,0.1461,0.595079,19,20,FALSE
Italian,Italy,ItalianEnglish,English,32,1,4,Female,Indo-European,ita,99,497,-0.0011,0.358612,17,18,TRUE
Italian,Italy,ItalianSpanish,Spanish,33,6,3,Male,Indo-European,ita,99,519,-0.0011,0.358612,17,18,TRUE
Italian,Italy,ItalianGerman,German,34,3,4,Female,Indo-European,ita,99,531,-0.0011,0.358612,17,18,TRUE
Italian,Italy,ItalianEnglish,English,19,1,3,Female,Indo-European,ita,99,551,-0.0011,0.358612,17,18,TRUE
Italian,Netherlands,ItalianFrench,French,20,2,3,Female,Indo-European,ita,118,550,-0.0011,0.358612,17,18,TRUE
Italian,Italy,ItalianEnglish,English,28,1,4,Male,Indo-European,ita,99,547,-0.0011,0.358612,17,18,TRUE
Italian,Italy,ItalianFrench,French,26,16,3,Female,Indo-European,ita,99,537,-0.0011,0.358612,17,18,TRUE
Italian,Italy,ItalianEnglish,English,22,2,3,Female,Indo-European,ita,99,539,-0.0011,0.358612,17,18,TRUE
Italian,Italy,ItalianSpanish,Spanish,29,1,4,Female,Indo-European,ita,99,520,-0.0011,0.358612,17,18,TRUE
Italian,Italy,ItalianEnglish,English,36,1,3,Male,Indo-European,ita,99,525,-0.0011,0.358612,17,18,TRUE
Japanese,Japan,JapaneseEnglish,English,30,1,4,Female,Japanese,jpn,101,457,0.175,0.595079,26,20,TRUE
Japanese,Japan,JapaneseEnglish,English,22,2,4,Female,Japanese,jpn,101,461,0.175,0.595079,26,20,TRUE
Japanese,Japan,JapaneseEnglish,English,29,3,4,Female,Japanese,jpn,101,481,0.175,0.595079,26,20,TRUE
Japanese,Japan,JapaneseMonolingual,Monolingual,28,2,4,Female,Japanese,jpn,101,422,0.175,0.595079,26,20,FALSE
Japanese,Japan,JapaneseEnglish,English,47,2,4,Female,Japanese,jpn,101,460,0.175,0.595079,26,20,TRUE
Japanese,Japan,JapaneseEnglish,English,40,6,4,Female,Japanese,jpn,101,473,0.175,0.595079,26,20,TRUE
Japanese,Japan,JapaneseEnglish,English,29,16,4,Male,Japanese,jpn,101,527,0.175,0.595079,26,20,TRUE
Japanese,Japan,JapaneseEnglish,English,34,4,4,Female,Japanese,jpn,101,460,0.175,0.595079,26,20,TRUE
Japanese,Japan,JapaneseEnglish,English,18,1,3,Female,Japanese,jpn,101,434,0.175,0.595079,26,20,TRUE
Japanese,Japan,JapaneseEnglish,English,25,4,4,Male,Japanese,jpn,101,497,0.175,0.595079,26,20,TRUE
Kinyarwanda,Rwanda,KinyarwandaEnglish,English,17,2,3,Female,Niger-Congo,kin,16,500,0.0623,0.595079,13,16,TRUE
Kinyarwanda,Rwanda,KinyarwandaFrench,French,21,8,3,Male,Niger-Congo,kin,16,533,0.0623,0.595079,13,16,TRUE
Kinyarwanda,Rwanda,KinyarwandaFrench,French,35,8,3,Female,Niger-Congo,kin,16,505,0.0623,0.595079,13,16,TRUE
Kinyarwanda,Rwanda,KinyarwandaFrench,French,25,4,3,Male,Niger-Congo,kin,16,470,0.0623,0.595079,13,16,TRUE
Kinyarwanda,Rwanda,KinyarwandaEnglish,English,39,3,3,Male,Niger-Congo,kin,16,469,0.0623,0.595079,13,16,TRUE
Kinyarwanda,Rwanda,KinyarwandaFrench,French,37,4,2,Male,Niger-Congo,kin,16,480,0.0623,0.595079,13,16,TRUE
Kinyarwanda,Rwanda,KinyarwandaFrench,French,32,5,4,Male,Niger-Congo,kin,16,468,0.0623,0.595079,13,16,TRUE
Kinyarwanda,Rwanda,KinyarwandaFrench,French,23,7,1,Female,Niger-Congo,kin,16,497,0.0623,0.595079,13,16,TRUE
Kinyarwanda,Rwanda,KinyarwandaFrench,French,26,8,3,Female,Niger-Congo,kin,16,501,0.0623,0.595079,13,16,TRUE
Kinyarwanda,Rwanda,KinyarwandaFrench,French,38,2,4,Female,Niger-Congo,kin,16,526,0.0623,0.595079,13,16,TRUE
Korean,"Korea,South",KoreanEnglish,English,31,3,3,Female,Korean,kor,97,468,0.143,0.595079,22,22,TRUE
Korean,Netherlands,KoreanEnglish,English,17,1,3,Female,Korean,kor,118,514,0.143,0.595079,22,22,TRUE
Korean,"Korea,South",KoreanEnglish,English,29,3,4,Female,Korean,kor,97,493,0.143,0.595079,22,22,TRUE
Korean,"Korea,South",KoreanEnglish,English,22,2,4,Female,Korean,kor,97,528,0.143,0.595079,22,22,TRUE
Korean,"Korea,South",KoreanEnglish,English,28,1,4,Female,Korean,kor,97,537,0.143,0.595079,22,22,TRUE
Korean,"Korea,South",KoreanEnglish,English,28,2,4,Female,Korean,kor,97,486,0.143,0.595079,22,22,TRUE
Korean,"Korea,South",KoreanRomanian,Romanian,32,2,4,Female,Korean,kor,97,497,0.143,0.595079,22,22,TRUE
Korean,"Korea,South",KoreanEnglish,English,25,7,4,Female,Korean,kor,97,530,0.143,0.595079,22,22,TRUE
Korean,"Korea,South",KoreanEnglish,English,29,2,4,Female,Korean,kor,97,489,0.143,0.595079,22,22,TRUE
Korean,"Korea,South",KoreanMonolingual,Monolingual,29,3,4,Female,Korean,kor,97,547,0.143,0.595079,22,22,FALSE
Kurdish,Iraq,KurdishArabic,Arabic,23,5,4,Female,Indo-European,kur,47,483,0.0523,0.4257,11,22,TRUE
Kurdish,Iraq,KurdishArabic,Arabic,19,2,3,Female,Indo-European,kur,47,495,0.0523,0.4257,11,22,TRUE
Kurdish,Turkey,KurdishTurkish,Turkish,21,5,3,Male,Indo-European,kur,79,502,0.0523,0.4257,11,22,TRUE
Kurdish,Iraq,KurdishEnglish,English,16,4,3,Male,Indo-European,kur,47,497,0.0523,0.4257,11,22,TRUE
Kurdish,Iraq,KurdishArabic,Arabic,48,5,4,Female,Indo-European,kur,47,524,0.0523,0.4257,11,22,TRUE
Kurdish,Turkey,KurdishEnglish,English,21,3,3,Male,Indo-European,kur,79,487,0.0523,0.4257,11,22,TRUE
Kurdish,Iraq,KurdishMonolingual,Monolingual,17,3,3,Female,Indo-European,kur,47,527,0.0523,0.4257,11,22,FALSE
Kurdish,Iraq,KurdishArabic,Arabic,36,9,3,Female,Indo-European,kur,47,524,0.0523,0.4257,11,22,TRUE
Kurdish,Iraq,KurdishArabic,Arabic,41,5,4,Male,Indo-European,kur,47,528,0.0523,0.4257,11,22,TRUE
Kurdish,Turkey,KurdishTurkish,Turkish,33,1,2,Male,Indo-European,kur,79,532,0.0523,0.4257,11,22,TRUE
Latvian,Latvia,LatvianEnglish,English,25,0,3,Female,Indo-European,lav,99,535,0.0553,0.363589,7,18,TRUE
Latvian,Latvia,LatvianEnglish,English,22,1,3,Female,Indo-European,lav,99,537,0.0553,0.363589,7,18,TRUE
Latvian,Uzbekistan,LatvianMonolingual,Monolingual,32,3,2,Female,Indo-European,lav,100,484,0.0553,0.363589,7,18,FALSE
Latvian,USSR,LatvianEnglish,English,25,2,3,Female,Indo-European,lav,90,517,0.0553,0.363589,7,18,TRUE
Latvian,USSR,LatvianRussian,Russian,33,2,2,Female,Indo-European,lav,90,506,0.0553,0.363589,7,18,TRUE
Latvian,USSR,LatvianEnglish,English,21,2,3,Female,Indo-European,lav,90,524,0.0553,0.363589,7,18,TRUE
Latvian,USSR,LatvianRussian,Russian,22,3,4,Female,Indo-European,lav,90,591,0.0553,0.363589,7,18,TRUE
Latvian,USSR,LatvianRussian,Russian,43,3,3,Female,Indo-European,lav,90,524,0.0553,0.363589,7,18,TRUE
Latvian,USSR,LatvianRussian,Russian,24,6,3,Female,Indo-European,lav,90,514,0.0553,0.363589,7,18,TRUE
Latvian,Latvia,LatvianEnglish,English,29,2,4,Female,Indo-European,lav,99,536,0.0553,0.363589,7,18,TRUE
Lithuanian,Lithuania,LithuanianEnglish,English,23,2,4,Female,Indo-European,lit,100,516,0.0892,0.371065,7,18,TRUE
Lithuanian,USSR,LithuanianEnglish,English,20,2,3,Female,Indo-European,lit,90,543,0.0892,0.371065,7,18,TRUE
Lithuanian,USSR,LithuanianEnglish,English,20,2,3,Female,Indo-European,lit,90,496,0.0892,0.371065,7,18,TRUE
Lithuanian,USSR,LithuanianRussian,Russian,23,3,3,Female,Indo-European,lit,90,548,0.0892,0.371065,7,18,TRUE
Lithuanian,Lithuania,LithuanianEnglish,English,25,3,3,Female,Indo-European,lit,100,549,0.0892,0.371065,7,18,TRUE
Lithuanian,Lithuania,LithuanianEnglish,English,16,1,3,Female,Indo-European,lit,100,478,0.0892,0.371065,7,18,TRUE
Lithuanian,USSR,LithuanianRussian,Russian,20,5,3,Female,Indo-European,lit,90,541,0.0892,0.371065,7,18,TRUE
Lithuanian,USSR,LithuanianEnglish,English,30,2,4,Female,Indo-European,lit,90,524,0.0892,0.371065,7,18,TRUE
Lithuanian,Lithuania,LithuanianEnglish,English,15,1,2,Female,Indo-European,lit,100,531,0.0892,0.371065,7,18,TRUE
Lithuanian,USSR,LithuanianRussian,Russian,24,5,4,Female,Indo-European,lit,90,502,0.0892,0.371065,7,18,TRUE
Malay,Malaysia,MalayEnglish,English,31,2,3,Female,Austronesian,msa,69,471,0.1461,0.595079,16,19,TRUE
Malay,Malaysia,MalayEnglish,English,31,4,3,Female,Austronesian,msa,69,544,0.1461,0.595079,16,19,TRUE
Malay,Malaysia,MalayEnglish,English,34,4,3,Female,Austronesian,msa,69,461,0.1461,0.595079,16,19,TRUE
Malay,Singapore,MalayEnglish,English,34,0,3,Female,Austronesian,msa,100,469,0.1461,0.595079,16,19,TRUE
Malay,Malaysia,MalayMonolingual,Monolingual,21,28,3,Female,Austronesian,msa,69,514,0.1461,0.595079,16,19,FALSE
Malay,Singapore,MalayEnglish,English,33,6,2,Female,Austronesian,msa,100,493,0.1461,0.595079,16,19,TRUE
Malay,Indonesia,MalayEnglish,English,20,3,1,Male,Austronesian,msa,64,499,0.1461,0.595079,16,19,TRUE
Malay,Singapore,MalayEnglish,English,19,1,2,Female,Austronesian,msa,100,535,0.1461,0.595079,16,19,TRUE
Malay,Malaysia,MalayChinese,Chinese,18,6,2,Female,Austronesian,msa,69,500,0.1461,0.595079,16,19,TRUE
Malay,Malaysia,MalayChinese,Chinese,25,0,4,Female,Austronesian,msa,69,533,0.1461,0.595079,16,19,TRUE
Mongolian,Mongolia,MongolianEnglish,English,24,4,4,Female,Altaic,mon,92,483,0.172,0.595079,21,25,TRUE
Mongolian,Mongolia,MongolianRussian,Russian,28,6,3,Female,Altaic,mon,92,491,0.172,0.595079,21,25,TRUE
Mongolian,India,MongolianEnglish,English,34,30,3,Female,Altaic,mon,54,449,0.172,0.595079,21,25,TRUE
Mongolian,Mongolia,MongolianMonolingual,Monolingual,16,3,2,Female,Altaic,mon,92,500,0.172,0.595079,21,25,FALSE
Mongolian,Mongolia,MongolianEnglish,English,18,1,2,Female,Altaic,mon,92,564,0.172,0.595079,21,25,TRUE
Mongolian,Mongolia,MongolianMonolingual,Monolingual,27,3,2,Female,Altaic,mon,92,472,0.172,0.595079,21,25,FALSE
Mongolian,Mongolia,MongolianMonolingual,Monolingual,27,1,3,Female,Altaic,mon,92,513,0.172,0.595079,21,25,FALSE
Mongolian,Mongolia,MongolianEnglish,English,22,3,3,Female,Altaic,mon,92,517,0.172,0.595079,21,25,TRUE
Mongolian,Mongolia,MongolianHungarian,Hungarian,24,3,4,Female,Altaic,mon,92,489,0.172,0.595079,21,25,TRUE
Mongolian,Mongolia,MongolianGerman,German,41,1,1,Female,Altaic,mon,92,503,0.172,0.595079,21,25,TRUE
Norwegian,Norway,NorwegianEnglish,English,31,2,4,Female,Indo-European,nor,113,549,-0.0076,0.1598,14,24,TRUE
Norwegian,Norway,NorwegianEnglish,English,33,2,4,Female,Indo-European,nor,113,589,-0.0076,0.1598,14,24,TRUE
Norwegian,Poland,NorwegianEnglish,English,34,2,3,Female,Indo-European,nor,100,553,-0.0076,0.1598,14,24,TRUE
Norwegian,Norway,NorwegianEnglish,English,29,3,4,Female,Indo-European,nor,113,535,-0.0076,0.1598,14,24,TRUE
Norwegian,Norway,NorwegianEnglish,English,36,0,4,Female,Indo-European,nor,113,556,-0.0076,0.1598,14,24,TRUE
Norwegian,Norway,NorwegianEnglish,English,19,2,3,Female,Indo-European,nor,113,532,-0.0076,0.1598,14,24,TRUE
Norwegian,Norway,NorwegianEnglish,English,34,1,3,Female,Indo-European,nor,113,560,-0.0076,0.1598,14,24,TRUE
Norwegian,Norway,NorwegianEnglish,English,40,2,4,Female,Indo-European,nor,113,521,-0.0076,0.1598,14,24,TRUE
Norwegian,Norway,NorwegianEnglish,English,21,2,3,Female,Indo-European,nor,113,576,-0.0076,0.1598,14,24,TRUE
Norwegian,Norway,NorwegianEnglish,English,36,7,4,Female,Indo-European,nor,113,520,-0.0076,0.1598,14,24,TRUE
Persian,Afghanistan,PersianRussian,Russian,33,4,4,Male,Indo-European,fas,19,452,0.0603,0.555295,21,21,TRUE
Persian,Afghanistan,PersianMonolingual,Monolingual,25,4,3,Male,Indo-European,fas,19,516,0.0603,0.555295,21,21,FALSE
Persian,Iran,PersianEnglish,English,27,5,4,Male,Indo-European,fas,77,561,0.0603,0.555295,21,21,TRUE
Persian,Afghanistan,PersianEnglish,English,14,4,2,Male,Indo-European,fas,19,528,0.0603,0.555295,21,21,TRUE
Persian,Afghanistan,PersianEnglish,English,27,7,4,Female,Indo-European,fas,19,506,0.0603,0.555295,21,21,TRUE
Persian,Iran,PersianMonolingual,Monolingual,29,4,3,Female,Indo-European,fas,77,512,0.0603,0.555295,21,21,FALSE
Persian,Iran,PersianEnglish,English,21,1,1,Female,Indo-European,fas,77,512,0.0603,0.555295,21,21,TRUE
Persian,Iran,PersianEnglish,English,10,11,3,Male,Indo-European,fas,77,518,0.0603,0.555295,21,21,TRUE
Persian,Iran,PersianMonolingual,Monolingual,17,12,1,Male,Indo-European,fas,77,573,0.0603,0.555295,21,21,FALSE
Persian,Iran,PersianMonolingual,Monolingual,27,6,2,Female,Indo-European,fas,77,544,0.0603,0.555295,21,21,FALSE
Polish,Poland,PolishEnglish,English,26,4,4,Female,Indo-European,pol,100,510,0.0479,0.388004,14,25,TRUE
Polish,Poland,PolishEnglish,English,30,2,4,Female,Indo-European,pol,100,519,0.0479,0.388004,14,25,TRUE
Polish,Poland,PolishGerman,German,19,3,3,Female,Indo-European,pol,100,514,0.0479,0.388004,14,25,TRUE
Polish,Poland,PolishEnglish,English,19,3,3,Female,Indo-European,pol,100,531,0.0479,0.388004,14,25,TRUE
Polish,Poland,PolishItalian,Italian,22,5,3,Female,Indo-European,pol,100,496,0.0479,0.388004,14,25,TRUE
Polish,Poland,PolishEnglish,English,26,3,4,Female,Indo-European,pol,100,534,0.0479,0.388004,14,25,TRUE
Polish,Poland,PolishMonolingual,Monolingual,19,3,3,Female,Indo-European,pol,100,509,0.0479,0.388004,14,25,FALSE
Polish,Poland,PolishMonolingual,Monolingual,21,12,3,Female,Indo-European,pol,100,546,0.0479,0.388004,14,25,FALSE
Polish,Poland,PolishMonolingual,Monolingual,28,3,3,Female,Indo-European,pol,100,490,0.0479,0.388004,14,25,FALSE
Polish,Poland,PolishEnglish,English,28,5,3,Female,Indo-European,pol,100,539,0.0479,0.388004,14,25,TRUE
Portugese,Brazil,PortugeseItalian,Italian,20,4,3,Male,Indo-European,por,106,535,0.0586,0.4087,15,18,TRUE
Portugese,CapeVerde,PortugeseEnglish,English,13,15,3,Male,Indo-European,por,68,539,0.0586,0.4087,15,18,TRUE
Portugese,Portugal,PortugeseEnglish,English,32,4,3,Female,Indo-European,por,97,506,0.0586,0.4087,15,18,TRUE
Portugese,Brazil,PortugeseSpanish,Spanish,29,8,3,Female,Indo-European,por,106,537,0.0586,0.4087,15,18,TRUE
Portugese,Mozambique,PortugeseEnglish,English,24,2,4,Female,Indo-European,por,13,518,0.0586,0.4087,15,18,TRUE
Portugese,Portugal,PortugeseEnglish,English,24,2,3,Female,Indo-European,por,97,515,0.0586,0.4087,15,18,TRUE
Portugese,Brazil,PortugeseEnglish,English,29,5,4,Female,Indo-European,por,106,491,0.0586,0.4087,15,18,TRUE
Portugese,Brazil,PortugeseEnglish,English,21,2,3,Female,Indo-European,por,106,509,0.0586,0.4087,15,18,TRUE
Portugese,Angola,PortugeseMonolingual,Monolingual,16,3,2,Male,Indo-European,por,17,561,0.0586,0.4087,15,18,FALSE
Portugese,Brazil,PortugeseEnglish,English,34,3,2,Female,Indo-European,por,106,548,0.0586,0.4087,15,18,TRUE
Romanian,Romania,RomanianEnglish,English,27,6,3,Female,Indo-European,ron,86,527,0.0276,0.41365,24,20,TRUE
Romanian,Romania,RomanianEnglish,English,30,2,4,Female,Indo-European,ron,86,511,0.0276,0.41365,24,20,TRUE
Romanian,Romania,RomanianEnglish,English,38,2,4,Female,Indo-European,ron,86,566,0.0276,0.41365,24,20,TRUE
Romanian,Romania,RomanianPersian,Persian,29,6,3,Female,Indo-European,ron,86,520,0.0276,0.41365,24,20,TRUE
Romanian,Romania,RomanianFrench,French,28,2,4,Female,Indo-European,ron,86,534,0.0276,0.41365,24,20,TRUE
Romanian,Romania,RomanianEnglish,English,30,0,4,Female,Indo-European,ron,86,469,0.0276,0.41365,24,20,TRUE
Romanian,Czechslowakia,RomanianEnglish,English,27,1,4,Female,Indo-European,ron,90,554,0.0276,0.41365,24,20,TRUE
Romanian,Romania,RomanianEnglish,English,36,2,3,Female,Indo-European,ron,86,498,0.0276,0.41365,24,20,TRUE
Romanian,Romania,RomanianGerman,German,23,6,3,Female,Indo-European,ron,86,541,0.0276,0.41365,24,20,TRUE
Romanian,Romania,RomanianMonolingual,Monolingual,33,4,3,Female,Indo-European,ron,86,481,0.0276,0.41365,24,20,FALSE
Rundi,Burundi,RundiFrench,French,23,3,3,Female,Niger-Congo,xxx,13,568,0.0623,0.595079,19,20,TRUE
Rundi,Burundi,RundiFrench,French,25,3,3,Male,Niger-Congo,xxx,13,499,0.0623,0.595079,19,20,TRUE
Rundi,Burundi,RundiFrench,French,18,2,3,Female,Niger-Congo,xxx,13,450,0.0623,0.595079,19,20,TRUE
Rundi,Burundi,RundiFrench,French,32,3,3,Female,Niger-Congo,xxx,13,515,0.0623,0.595079,19,20,TRUE
Rundi,Burundi,RundiFrench,French,41,4,4,Male,Niger-Congo,xxx,13,501,0.0623,0.595079,19,20,TRUE
Rundi,Burundi,RundiFrench,French,30,3,4,Female,Niger-Congo,xxx,13,454,0.0623,0.595079,19,20,TRUE
Rundi,Burundi,RundiFrench,French,25,3,3,Male,Niger-Congo,xxx,13,494,0.0623,0.595079,19,20,TRUE
Rundi,Burundi,RundiFrench,French,32,3,1,Male,Niger-Congo,xxx,13,437,0.0623,0.595079,19,20,TRUE
Rundi,Burundi,RundiFrench,French,24,3,3,Male,Niger-Congo,xxx,13,438,0.0623,0.595079,19,20,TRUE
Rundi,Burundi,RundiEnglish,English,25,0,3,Male,Niger-Congo,xxx,13,497,0.0623,0.595079,19,20,TRUE
Russian,USSR,RussianEnglish,English,25,3,3,Female,Indo-European,rus,90,483,0.0468,0.396083,12,22,TRUE
Russian,Russia,RussianEnglish,English,24,2,4,Female,Indo-European,rus,84,538,0.0468,0.396083,12,22,TRUE
Russian,USSR,RussianEnglish,English,43,1,4,Female,Indo-European,rus,90,460,0.0468,0.396083,12,22,TRUE
Russian,USSR,RussianMonolingual,Monolingual,14,3,1,Female,Indo-European,rus,90,490,0.0468,0.396083,12,22,FALSE
Russian,USSR,RussianGerman,German,25,4,4,Female,Indo-European,rus,90,588,0.0468,0.396083,12,22,TRUE
Russian,Russia,RussianEnglish,English,21,3,3,Female,Indo-European,rus,84,551,0.0468,0.396083,12,22,TRUE
Russian,USSR,RussianGerman,German,34,3,3,Female,Indo-European,rus,90,502,0.0468,0.396083,12,22,TRUE
Russian,USSR,RussianMonolingual,Monolingual,29,6,4,Female,Indo-European,rus,90,523,0.0468,0.396083,12,22,FALSE
Russian,USSR,RussianEnglish,English,23,1,3,Female,Indo-European,rus,90,507,0.0468,0.396083,12,22,TRUE
Russian,USSR,RussianMonolingual,Monolingual,29,7,4,Female,Indo-European,rus,90,559,0.0468,0.396083,12,22,FALSE
Serbian,Yugoslavia,SerbianEnglish,English,27,3,3,Male,Indo-European,srp,85,451,0.0638,0.395005,11,19,TRUE
Serbian,Yugoslavia,SerbianRussian,Russian,34,3,3,Male,Indo-European,srp,85,455,0.0638,0.395005,11,19,TRUE
Serbian,Yugoslavia,SerbianMonolingual,Monolingual,27,2,3,Male,Indo-European,srp,85,514,0.0638,0.395005,11,19,FALSE
Serbian,Yugoslavia,SerbianMonolingual,Monolingual,26,3,3,Male,Indo-European,srp,85,486,0.0638,0.395005,11,19,FALSE
Serbian,Yugoslavia,SerbianMonolingual,Monolingual,42,2,4,Male,Indo-European,srp,85,441,0.0638,0.395005,11,19,FALSE
Serbian,Yugoslavia,SerbianEnglish,English,31,6,4,Female,Indo-European,srp,85,530,0.0638,0.395005,11,19,TRUE
Serbian,Germany,SerbianEnglish,English,25,3,1,Male,Indo-European,srp,101,538,0.0638,0.395005,11,19,TRUE
Serbian,Yugoslavia,SerbianEnglish,English,19,3,3,Female,Indo-European,srp,85,538,0.0638,0.395005,11,19,TRUE
Serbian,Yugoslavia,SerbianEnglish,English,19,3,3,Male,Indo-European,srp,85,486,0.0638,0.395005,11,19,TRUE
Serbian,Yugoslavia,SerbianEnglish,English,44,3,4,Female,Indo-European,srp,85,508,0.0638,0.395005,11,19,TRUE
Somali,Somalia,SomaliEnglish,English,19,5,3,Male,Afro-Asiatic,som,8,502,0.042,0.595079,21,20,TRUE
Somali,Somalia,SomaliEnglish,English,25,6,2,Male,Afro-Asiatic,som,8,459,0.042,0.595079,21,20,TRUE
Somali,Somalia,SomaliMonolingual,Monolingual,20,3,3,Male,Afro-Asiatic,som,8,465,0.042,0.595079,21,20,FALSE
Somali,Somalia,SomaliArabic,Arabic,17,7,3,Male,Afro-Asiatic,som,8,447,0.042,0.595079,21,20,TRUE
Somali,Somalia,SomaliEnglish,English,12,10,1,Male,Afro-Asiatic,som,8,491,0.042,0.595079,21,20,TRUE
Somali,Somalia,SomaliEnglish,English,24,3,3,Male,Afro-Asiatic,som,8,468,0.042,0.595079,21,20,TRUE
Somali,Somalia,SomaliEnglish,English,37,4,4,Male,Afro-Asiatic,som,8,467,0.042,0.595079,21,20,TRUE
Somali,Somalia,SomaliEnglish,English,25,3,3,Male,Afro-Asiatic,som,8,467,0.042,0.595079,21,20,TRUE
Somali,Somalia,SomaliEnglish,English,30,11,3,Female,Afro-Asiatic,som,8,430,0.042,0.595079,21,20,TRUE
Somali,Somalia,SomaliArabic,Arabic,20,4,3,Male,Afro-Asiatic,som,8,478,0.042,0.595079,21,20,TRUE
Spanish,Spain,SpanishCatalan,Catalan,25,4,4,Female,Indo-European,spa,118,521,0.0193,0.398649,18,23,TRUE
Spanish,Spain,SpanishEnglish,English,28,2,1,Female,Indo-European,spa,118,521,0.0193,0.398649,18,23,TRUE
Spanish,Mexico,SpanishEnglish,English,23,2,4,Female,Indo-European,spa,83,501,0.0193,0.398649,18,23,TRUE
Spanish,Venezuela,SpanishEnglish,English,17,2,1,Female,Indo-European,spa,74,491,0.0193,0.398649,18,23,TRUE
Spanish,Peru,SpanishEnglish,English,21,2,3,Female,Indo-European,spa,85,529,0.0193,0.398649,18,23,TRUE
Spanish,Spain,SpanishEnglish,English,25,3,4,Female,Indo-European,spa,118,491,0.0193,0.398649,18,23,TRUE
Spanish,DominicanRepublic,SpanishEnglish,English,23,1,3,Female,Indo-European,spa,68,570,0.0193,0.398649,18,23,TRUE
Spanish,Venezuela,SpanishEnglish,English,27,2,4,Female,Indo-European,spa,74,541,0.0193,0.398649,18,23,TRUE
Spanish,Spain,SpanishEnglish,English,30,2,4,Female,Indo-European,spa,118,506,0.0193,0.398649,18,23,TRUE
Spanish,Peru,SpanishJapanese,Japanese,33,1,4,Female,Indo-European,spa,85,551,0.0193,0.398649,18,23,TRUE
Swahili,Kenya,SwahiliEnglish,English,15,4,3,Male,Niger-Congo,swa,48,529,0.0623,0.595079,15,20,TRUE
Swahili,Kenya,SwahiliEnglish,English,29,2,3,Male,Niger-Congo,swa,48,498,0.0623,0.595079,15,20,TRUE
Swahili,"Congo,Republic",SwahiliFrench,French,38,7,4,Male,Niger-Congo,swa,43,453,0.0623,0.595079,15,20,TRUE
Swahili,Somalia,SwahiliEnglish,English,30,6,2,Male,Niger-Congo,swa,8,475,0.0623,0.595079,15,20,TRUE
Swahili,"Congo,DemocraticRepublicofthe",SwahiliFrench,French,23,2,2,Male,Niger-Congo,swa,22,459,0.0623,0.595079,15,20,TRUE
Swahili,CapeVerde,SwahiliFrench,French,19,7,1,Female,Niger-Congo,swa,68,465,0.0623,0.595079,15,20,TRUE
Swahili,Tanzania,SwahiliEnglish,English,28,2,2,Female,Niger-Congo,swa,11,508,0.0623,0.595079,15,20,TRUE
Swahili,Kenya,SwahiliEnglish,English,43,0,3,Female,Niger-Congo,swa,48,520,0.0623,0.595079,15,20,TRUE
Swahili,Somalia,SwahiliDutch,Dutch,17,9,2,Male,Niger-Congo,swa,8,486,0.0623,0.595079,15,20,TRUE
Swahili,Kenya,SwahiliEnglish,English,29,1,3,Male,Niger-Congo,swa,48,465,0.0623,0.595079,15,20,TRUE
Swedish,Thailand,SwedishEnglish,English,27,1,3,Female,Indo-European,swe,70,545,0,0.100457,8,22,TRUE
Swedish,Finland,SwedishEnglish,English,26,2,4,Female,Indo-European,swe,111,557,0,0.100457,8,22,TRUE
Swedish,Sweden,SwedishEnglish,English,20,2,3,Female,Indo-European,swe,103,520,0,0.100457,8,22,TRUE
Swedish,Finland,SwedishFinnish,Finnish,22,1,3,Female,Indo-European,swe,111,546,0,0.100457,8,22,TRUE
Swedish,Finland,SwedishFinnish,Finnish,19,2,3,Female,Indo-European,swe,111,553,0,0.100457,8,22,TRUE
Swedish,Sweden,SwedishEnglish,English,23,2,1,Female,Indo-European,swe,103,581,0,0.100457,8,22,TRUE
Swedish,Sweden,SwedishEnglish,English,33,2,4,Female,Indo-European,swe,103,551,0,0.100457,8,22,TRUE
Swedish,Sweden,SwedishEnglish,English,26,3,3,Female,Indo-European,swe,103,523,0,0.100457,8,22,TRUE
Swedish,Sweden,SwedishEnglish,English,48,11,3,Female,Indo-European,swe,103,533,0,0.100457,8,22,TRUE
Swedish,Sweden,SwedishEnglish,English,30,3,3,Female,Indo-European,swe,103,534,0,0.100457,8,22,TRUE
Tagalog,Philippines,TagalogEnglish,English,32,12,1,Female,Austronesian,tgl,83,466,0.2423,0.595079,24,22,TRUE
Tagalog,Philippines,TagalogEnglish,English,25,2,3,Female,Austronesian,tgl,83,520,0.2423,0.595079,24,22,TRUE
Tagalog,Philippines,TagalogEnglish,English,25,17,4,Female,Austronesian,tgl,83,546,0.2423,0.595079,24,22,TRUE
Tagalog,Philippines,TagalogEnglish,English,24,2,3,Female,Austronesian,tgl,83,506,0.2423,0.595079,24,22,TRUE
Tagalog,Philippines,TagalogEnglish,English,17,2,2,Male,Austronesian,tgl,83,562,0.2423,0.595079,24,22,TRUE
Tagalog,Philippines,TagalogEnglish,English,25,2,3,Female,Austronesian,tgl,83,502,0.2423,0.595079,24,22,TRUE
Tagalog,Philippines,TagalogEnglish,English,31,1,3,Female,Austronesian,tgl,83,494,0.2423,0.595079,24,22,TRUE
Tagalog,Philippines,TagalogEnglish,English,29,5,3,Female,Austronesian,tgl,83,478,0.2423,0.595079,24,22,TRUE
Tagalog,Philippines,TagalogEnglish,English,25,15,4,Female,Austronesian,tgl,83,489,0.2423,0.595079,24,22,TRUE
Tagalog,Philippines,TagalogEnglish,English,32,13,3,Female,Austronesian,tgl,83,520,0.2423,0.595079,24,22,TRUE
Tamazight,Morocco,TamazightMonolingual,Monolingual,10,25,3,Male,Afro-Asiatic,tzm,49,584,0.0838,0.595079,20,26,FALSE
Tamazight,Morocco,TamazightArabic,Arabic,25,3,3,Male,Afro-Asiatic,tzm,49,450,0.0838,0.595079,20,26,TRUE
Tamazight,Algeria,TamazightArabic,Arabic,29,6,4,Male,Afro-Asiatic,tzm,83,456,0.0838,0.595079,20,26,TRUE
Tamazight,Morocco,TamazightFrench,French,26,1,3,Male,Afro-Asiatic,tzm,49,445,0.0838,0.595079,20,26,TRUE
Tamazight,Morocco,TamazightFrench,French,28,1,4,Male,Afro-Asiatic,tzm,49,481,0.0838,0.595079,20,26,TRUE
Tamazight,Morocco,TamazightArabic,Arabic,27,3,3,Female,Afro-Asiatic,tzm,49,513,0.0838,0.595079,20,26,TRUE
Tamazight,Morocco,TamazightArabic,Arabic,18,2,3,Male,Afro-Asiatic,tzm,49,480,0.0838,0.595079,20,26,TRUE
Tamazight,Morocco,TamazightArabic,Arabic,27,2,4,Male,Afro-Asiatic,tzm,49,452,0.0838,0.595079,20,26,TRUE
Tamazight,Morocco,TamazightArabic,Arabic,24,2,4,Male,Afro-Asiatic,tzm,49,468,0.0838,0.595079,20,26,TRUE
Tamazight,Morocco,TamazightArabic,Arabic,38,2,4,Male,Afro-Asiatic,tzm,49,488,0.0838,0.595079,20,26,TRUE
Tamil,India,TamilEnglish,English,16,3,2,Female,Dravidian,tam,54,548,0.0458,0.595079,21,24,TRUE
Tamil,India,TamilMonolingual,Monolingual,32,1,3,Male,Dravidian,tam,54,543,0.0458,0.595079,21,24,FALSE
Tamil,India,TamilEnglish,English,25,3,1,Female,Dravidian,tam,54,518,0.0458,0.595079,21,24,TRUE
Tamil,India,TamilEnglish,English,25,2,3,Female,Dravidian,tam,54,523,0.0458,0.595079,21,24,TRUE
Tamil,India,TamilEnglish,English,27,2,4,Female,Dravidian,tam,54,501,0.0458,0.595079,21,24,TRUE
Tamil,India,TamilEnglish,English,34,6,4,Female,Dravidian,tam,54,540,0.0458,0.595079,21,24,TRUE
Tamil,India,TamilEnglish,English,31,8,3,Male,Dravidian,tam,54,547,0.0458,0.595079,21,24,TRUE
Tamil,Malaysia,TamilEnglish,English,35,2,3,Female,Dravidian,tam,69,555,0.0458,0.595079,21,24,TRUE
Tamil,India,TamilEnglish,English,46,11,4,Female,Dravidian,tam,54,501,0.0458,0.595079,21,24,TRUE
Tamil,Malaysia,TamilEnglish,English,34,2,4,Female,Dravidian,tam,69,529,0.0458,0.595079,21,24,TRUE
Thai,Thailand,ThaiEnglish,English,25,1,4,Female,Tai-Kadai,tha,70,482,0.2404,0.595079,20,18,TRUE
Thai,Thailand,ThaiMonolingual,Monolingual,27,3,2,Female,Tai-Kadai,tha,70,438,0.2404,0.595079,20,18,FALSE
Thai,Thailand,ThaiEnglish,English,26,2,4,Female,Tai-Kadai,tha,70,500,0.2404,0.595079,20,18,TRUE
Thai,Thailand,ThaiEnglish,English,24,2,3,Female,Tai-Kadai,tha,70,486,0.2404,0.595079,20,18,TRUE
Thai,Thailand,ThaiEnglish,English,33,2,4,Female,Tai-Kadai,tha,70,490,0.2404,0.595079,20,18,TRUE
Thai,Thailand,ThaiEnglish,English,23,10,3,Female,Tai-Kadai,tha,70,469,0.2404,0.595079,20,18,TRUE
Thai,Thailand,ThaiEnglish,English,23,20,3,Female,Tai-Kadai,tha,70,467,0.2404,0.595079,20,18,TRUE
Thai,UnitedKingdom,ThaiEnglish,English,17,1,3,Female,Tai-Kadai,tha,105,486,0.2404,0.595079,20,18,TRUE
Thai,Thailand,ThaiEnglish,English,35,2,3,Female,Tai-Kadai,tha,70,505,0.2404,0.595079,20,18,TRUE
Thai,Thailand,ThaiEnglish,English,21,2,3,Female,Tai-Kadai,tha,70,464,0.2404,0.595079,20,18,TRUE
Tigrigna,Eritrea,TigrignaArabic,Arabic,23,9,4,Male,Afro-Asiatic,tir,30,455,0.0458,0.595079,17,25,TRUE
Tigrigna,Eritrea,TigrignaGerman,German,29,2,4,Female,Afro-Asiatic,tir,30,558,0.0458,0.595079,17,25,TRUE
Tigrigna,Sudan,TigrignaArabic,Arabic,16,5,3,Male,Afro-Asiatic,tir,31,494,0.0458,0.595079,17,25,TRUE
Tigrigna,Eritrea,TigrignaEnglish,English,24,4,3,Male,Afro-Asiatic,tir,30,453,0.0458,0.595079,17,25,TRUE
Tigrigna,Sudan,TigrignaArabic,Arabic,23,7,3,Female,Afro-Asiatic,tir,31,521,0.0458,0.595079,17,25,TRUE
Tigrigna,Eritrea,TigrignaEnglish,English,26,8,3,Male,Afro-Asiatic,tir,30,488,0.0458,0.595079,17,25,TRUE
Tigrigna,Eritrea,TigrignaEnglish,English,27,13,3,Female,Afro-Asiatic,tir,30,504,0.0458,0.595079,17,25,TRUE
Tigrigna,Eritrea,TigrignaMonolingual,Monolingual,20,15,2,Female,Afro-Asiatic,tir,30,510,0.0458,0.595079,17,25,FALSE
Tigrigna,Ethiopia,TigrignaEnglish,English,25,2,3,Male,Afro-Asiatic,tir,25,493,0.0458,0.595079,17,25,TRUE
Tigrigna,Sudan,TigrignaMonolingual,Monolingual,28,7,3,Female,Afro-Asiatic,tir,31,532,0.0458,0.595079,17,25,FALSE
Turkish,Turkey,TurkishMonolingual,Monolingual,27,9,3,Male,Altaic,tur,79,508,0.05,0.595079,8,20,FALSE
Turkish,Turkey,TurkishEnglish,English,22,2,3,Female,Altaic,tur,79,495,0.05,0.595079,8,20,TRUE
Turkish,Belgium,TurkishFrench,French,20,4,3,Female,Altaic,tur,109,505,0.05,0.595079,8,20,TRUE
Turkish,Netherlands,TurkishEnglish,English,18,2,3,Female,Altaic,tur,118,543,0.05,0.595079,8,20,TRUE
Turkish,Turkey,TurkishMonolingual,Monolingual,19,5,3,Female,Altaic,tur,79,450,0.05,0.595079,8,20,FALSE
Turkish,Turkey,TurkishMonolingual,Monolingual,19,20,3,Male,Altaic,tur,79,514,0.05,0.595079,8,20,FALSE
Turkish,Germany,TurkishEnglish,English,22,2,4,Female,Altaic,tur,101,547,0.05,0.595079,8,20,TRUE
Turkish,Turkey,TurkishMonolingual,Monolingual,34,10,3,Female,Altaic,tur,79,505,0.05,0.595079,8,20,FALSE
Turkish,Turkey,TurkishEnglish,English,30,1,3,Female,Altaic,tur,79,529,0.05,0.595079,8,20,TRUE
Turkish,Turkey,TurkishEnglish,English,26,4,3,Male,Altaic,tur,79,523,0.05,0.595079,8,20,TRUE
Ukranian,Ukraine,UkranianEnglish,English,24,1,3,Female,Indo-European,ukr,92,495,0.0468,0.3941,20,22,TRUE
Ukranian,Ukraine,UkranianRussian,Russian,32,1,3,Female,Indo-European,ukr,92,507,0.0468,0.3941,20,22,TRUE
Ukranian,USSR,UkranianGerman,German,27,1,2,Female,Indo-European,ukr,90,541,0.0468,0.3941,20,22,TRUE
Ukranian,Ukraine,UkranianEnglish,English,26,0,4,Female,Indo-European,ukr,92,548,0.0468,0.3941,20,22,TRUE
Ukranian,USSR,UkranianEnglish,English,23,2,3,Female,Indo-European,ukr,90,528,0.0468,0.3941,20,22,TRUE
Ukranian,USSR,UkranianGerman,German,26,5,3,Female,Indo-European,ukr,90,501,0.0468,0.3941,20,22,TRUE
Ukranian,Ukraine,UkranianEnglish,English,22,3,3,Female,Indo-European,ukr,92,503,0.0468,0.3941,20,22,TRUE
Ukranian,USSR,UkranianMonolingual,Monolingual,25,4,3,Male,Indo-European,ukr,90,534,0.0468,0.3941,20,22,FALSE
Ukranian,Ukraine,UkranianPolish,Polish,26,1,3,Male,Indo-European,ukr,92,502,0.0468,0.3941,20,22,TRUE
Ukranian,USSR,UkranianRussian,Russian,18,1,3,Female,Indo-European,ukr,90,549,0.0468,0.3941,20,22,TRUE
Vietnamese,Vietnam,VietnameseMonolingual,Monolingual,28,4,3,Male,Austro-Asiatic,vie,67,500,0.2859,0.595079,17,19,FALSE
Vietnamese,Vietnam,VietnameseEnglish,English,25,2,4,Female,Austro-Asiatic,vie,67,516,0.2859,0.595079,17,19,TRUE
Vietnamese,Vietnam,VietnameseEnglish,English,28,15,3,Male,Austro-Asiatic,vie,67,503,0.2859,0.595079,17,19,TRUE
Vietnamese,Vietnam,VietnameseEnglish,English,25,4,4,Female,Austro-Asiatic,vie,67,521,0.2859,0.595079,17,19,TRUE
Vietnamese,Vietnam,VietnameseEnglish,English,19,2,3,Female,Austro-Asiatic,vie,67,524,0.2859,0.595079,17,19,TRUE
Vietnamese,Vietnam,VietnameseMonolingual,Monolingual,25,10,1,Female,Austro-Asiatic,vie,67,485,0.2859,0.595079,17,19,FALSE
Vietnamese,Vietnam,VietnameseEnglish,English,25,9,3,Female,Austro-Asiatic,vie,67,493,0.2859,0.595079,17,19,TRUE
Vietnamese,Vietnam,VietnameseEnglish,English,43,3,3,Female,Austro-Asiatic,vie,67,497,0.2859,0.595079,17,19,TRUE
Vietnamese,Vietnam,VietnameseEnglish,English,33,1,4,Female,Austro-Asiatic,vie,67,457,0.2859,0.595079,17,19,TRUE
Vietnamese,Vietnam,VietnameseEnglish,English,34,2,4,Male,Austro-Asiatic,vie,67,524,0.2859,0.595079,17,19,TRUE
Wolof,Senegal,WolofFrench,French,27,2,3,Female,Niger-Congo,wol,23,489,0.1271,0.595079,16,16,TRUE
Wolof,Senegal,WolofFrench,French,32,2,4,Female,Niger-Congo,wol,23,500,0.1271,0.595079,16,16,TRUE
Wolof,Senegal,WolofFrench,French,30,2,4,Male,Niger-Congo,wol,23,551,0.1271,0.595079,16,16,TRUE
Wolof,Senegal,WolofFrench,French,33,4,3,Male,Niger-Congo,wol,23,495,0.1271,0.595079,16,16,TRUE
Wolof,Senegal,WolofFrench,French,35,2,4,Male,Niger-Congo,wol,23,487,0.1271,0.595079,16,16,TRUE
Wolof,Senegal,WolofFrench,French,26,2,2,Male,Niger-Congo,wol,23,539,0.1271,0.595079,16,16,TRUE
Wolof,Senegal,WolofFrench,French,33,2,4,Male,Niger-Congo,wol,23,498,0.1271,0.595079,16,16,TRUE
Wolof,Senegal,WolofFrench,French,23,3,3,Male,Niger-Congo,wol,23,508,0.1271,0.595079,16,16,TRUE
Wolof,Senegal,WolofFrench,French,25,5,3,Male,Niger-Congo,wol,23,547,0.1271,0.595079,16,16,TRUE
Wolof,Senegal,WolofFrench,French,30,0,4,Male,Niger-Congo,wol,23,440,0.1271,0.595079,16,16,TRUE
Yoruba,Nigeria,YorubaEnglish,English,27,9,3,Male,Niger-Congo,yor,35,523,0.2162,0.595079,25,22,TRUE
Yoruba,Nigeria,YorubaEnglish,English,33,4,4,Male,Niger-Congo,yor,35,496,0.2162,0.595079,25,22,TRUE
Yoruba,Nigeria,YorubaEnglish,English,37,3,4,Female,Niger-Congo,yor,35,495,0.2162,0.595079,25,22,TRUE
Yoruba,Nigeria,YorubaEnglish,English,31,2,3,Male,Niger-Congo,yor,35,428,0.2162,0.595079,25,22,TRUE
Yoruba,Nigeria,YorubaEnglish,English,30,4,3,Male,Niger-Congo,yor,35,514,0.2162,0.595079,25,22,TRUE
Yoruba,Nigeria,YorubaEnglish,English,28,12,3,Male,Niger-Congo,yor,35,489,0.2162,0.595079,25,22,TRUE
Yoruba,Nigeria,YorubaEnglish,English,28,4,4,Male,Niger-Congo,yor,35,533,0.2162,0.595079,25,22,TRUE
Yoruba,Nigeria,YorubaEnglish,English,25,7,3,Male,Niger-Congo,yor,35,482,0.2162,0.595079,25,22,TRUE
Yoruba,Nigeria,YorubaEnglish,English,28,2,3,Male,Niger-Congo,yor,35,481,0.2162,0.595079,25,22,TRUE
Yoruba,Nigeria,YorubaEnglish,English,27,12,3,Female,Niger-Congo,yor,35,502,0.2162,0.595079,25,22,TRUE
