file,vowel,speaker,dur,f0,f1,f2
m01ae,ae,m,323,174,663,2012
m02ae,ae,m,250,102,628,1871
m03ae,ae,m,344,99,605,1812
m04ae,ae,m,312,124,627,1910
m06ae,ae,m,254,115,647,1864
m07ae,ae,m,254,96,582,1999
m08ae,ae,m,289,122,602,1880
m09ae,ae,m,339,120,545,1872
m10ae,ae,m,282,153,552,2027
m11ae,ae,m,319,136,629,1871
m13ae,ae,m,279,100,685,1807
m14ae,ae,m,272,106,559,1983
m16ae,ae,m,212,138,544,1819
m17ae,ae,m,257,135,685,1592
m18ae,ae,m,264,133,514,2031
m19ae,ae,m,244,149,612,1937
m20ae,ae,m,286,140,544,2114
m21ae,ae,m,252,108,556,1854
m22ae,ae,m,249,119,619,2023
m23ae,ae,m,274,112,601,1997
m24ae,ae,m,270,120,572,2072
m25ae,ae,m,301,115,546,1820
m26ae,ae,m,259,120,562,1895
m27ae,ae,m,257,105,594,2000
m28ae,ae,m,212,131,662,1934
m29ae,ae,m,241,114,566,2041
m30ae,ae,m,302,96,559,1873
m31ae,ae,m,208,143,579,1982
m32ae,ae,m,208,149,623,1937
m33ae,ae,m,328,136,555,1996
m34ae,ae,m,267,129,555,1849
m35ae,ae,m,326,110,634,1730
m36ae,ae,m,270,121,570,1856
m37ae,ae,m,207,130,614,1768
m38ae,ae,m,213,131,553,2140
m39ae,ae,m,311,153,605,2002
m40ae,ae,m,273,140,597,1989
m41ae,ae,m,230,139,561,1772
m42ae,ae,m,334,128,615,1885
m44ae,ae,m,276,98,577,1952
m45ae,ae,m,283,187,629,2436
m47ae,ae,m,292,129,511,1811
m48ae,ae,m,245,119,590,1830
m49ae,ae,m,266,123,622,1957
m50ae,ae,m,289,116,565,2055
w01ae,ae,w,305,225,678,2293
w02ae,ae,w,486,214,624,2442
w03ae,ae,w,293,192,666,2370
w04ae,ae,w,353,233,743,2230
w05ae,ae,w,338,223,677,2320
w06ae,ae,w,362,223,627,2266
w07ae,ae,w,313,176,690,2327
w08ae,ae,w,284,238,658,2650
w09ae,ae,w,253,251,685,2299
w10ae,ae,w,356,227,621,2249
w11ae,ae,w,385,188,868,2004
w12ae,ae,w,355,229,682,2486
w13ae,ae,w,315,237,668,2252
w14ae,ae,w,272,214,726,2350
w15ae,ae,w,400,226,620,2316
w16ae,ae,w,356,202,634,2596
w17ae,ae,w,323,212,672,2145
w19ae,ae,w,363,237,698,2339
w20ae,ae,w,307,187,586,2299
w21ae,ae,w,382,217,616,2156
w22ae,ae,w,338,186,576,2429
w23ae,ae,w,365,213,674,2256
w24ae,ae,w,331,248,738,2378
w25ae,ae,w,461,220,646,2406
w26ae,ae,w,346,168,746,1944
w27ae,ae,w,272,246,734,2518
w28ae,ae,w,260,225,662,2276
w29ae,ae,w,333,238,696,2447
w30ae,ae,w,310,238,687,2378
w31ae,ae,w,364,205,645,2154
w32ae,ae,w,239,208,626,2374
w33ae,ae,w,261,235,689,2701
w34ae,ae,w,277,218,557,2586
w35ae,ae,w,328,211,668,2296
w36ae,ae,w,413,200,746,2371
w37ae,ae,w,405,192,893,2070
w38ae,ae,w,294,219,665,2408
w39ae,ae,w,365,192,564,2442
w40ae,ae,w,301,197,714,2254
w41ae,ae,w,301,216,625,2594
w42ae,ae,w,312,222,552,2227
w44ae,ae,w,353,230,685,2205
w45ae,ae,w,333,208,657,2192
w46ae,ae,w,365,156,649,2508
w47ae,ae,w,327,211,817,2102
w48ae,ae,w,310,210,626,2331
w49ae,ae,w,319,209,706,2400
w50ae,ae,w,357,209,751,2432
b01ae,ae,b,257,238,630,2423
b02ae,ae,b,359,286,829,2495
b03ae,ae,b,335,214,631,2801
b04ae,ae,b,398,239,712,2608
b05ae,ae,b,267,200,748,2589
b07ae,ae,b,323,262,769,2203
b08ae,ae,b,316,216,870,2281
b09ae,ae,b,245,220,709,2565
b10ae,ae,b,396,205,634,2555
b11ae,ae,b,298,209,630,2509
b12ae,ae,b,415,252,736,2505
b13ae,ae,b,281,216,634,2535
b14ae,ae,b,314,198,697,2418
b15ae,ae,b,382,272,607,2620
b16ae,ae,b,367,187,753,2227
b17ae,ae,b,352,246,726,2231
b18ae,ae,b,307,249,741,2444
b19ae,ae,b,312,209,674,2663
b21ae,ae,b,352,205,769,2234
b22ae,ae,b,256,229,678,2524
b23ae,ae,b,346,267,809,2592
b24ae,ae,b,216,206,545,2690
b25ae,ae,b,284,223,669,2440
b26ae,ae,b,451,220,643,2434
b27ae,ae,b,243,211,634,2410
b28ae,ae,b,284,227,676,2253
b29ae,ae,b,291,212,860,2503
g01ae,ae,g,295,242,741,2433
g02ae,ae,g,283,196,729,2878
g04ae,ae,g,385,255,932,2523
g05ae,ae,g,456,227,682,2638
g06ae,ae,g,292,222,799,2397
g07ae,ae,g,341,242,722,2418
g08ae,ae,g,384,266,695,2704
g09ae,ae,g,382,265,758,2373
g10ae,ae,g,311,237,946,2540
g11ae,ae,g,353,230,648,2334
g12ae,ae,g,322,240,730,2668
g13ae,ae,g,301,251,752,2501
g14ae,ae,g,306,194,717,2313
g15ae,ae,g,354,226,888,2605
g17ae,ae,g,308,208,727,2394
g18ae,ae,g,317,219,591,2632
g19ae,ae,g,238,248,747,2703
g20ae,ae,g,290,227,672,2484
g21ae,ae,g,250,227,555,2569
m01ah,ah,m,316,159,813,1283
m02ah,ah,m,249,101,749,1060
m03ah,ah,m,373,97,755,1133
m04ah,ah,m,302,127,832,1222
m06ah,ah,m,230,112,871,1204
m07ah,ah,m,265,98,786,1341
m08ah,ah,m,302,115,748,1293
m09ah,ah,m,330,122,738,1394
m10ah,ah,m,271,152,763,1147
m11ah,ah,m,321,148,829,1444
m13ah,ah,m,256,104,825,1429
m14ah,ah,m,278,100,737,1298
m16ah,ah,m,192,145,679,1208
m17ah,ah,m,243,132,689,1064
m18ah,ah,m,342,135,702,1364
m19ah,ah,m,269,148,811,1355
m20ah,ah,m,272,135,744,1489
m21ah,ah,m,206,114,758,1363
m22ah,ah,m,287,115,784,1345
m23ah,ah,m,278,107,802,1297
m24ah,ah,m,258,131,803,1234
m25ah,ah,m,256,116,683,1238
m26ah,ah,m,271,124,697,1370
m27ah,ah,m,212,106,743,1423
m28ah,ah,m,154,173,710,1084
m29ah,ah,m,220,123,825,1438
m30ah,ah,m,290,101,673,1301
m31ah,ah,m,184,160,707,1421
m32ah,ah,m,216,146,697,1293
m33ah,ah,m,272,135,816,1361
m34ah,ah,m,250,115,722,1411
m35ah,ah,m,269,109,748,1274
m36ah,ah,m,252,116,744,1388
m37ah,ah,m,219,127,700,1295
m38ah,ah,m,192,148,705,1323
m39ah,ah,m,287,139,963,1524
m40ah,ah,m,254,126,711,1428
m41ah,ah,m,213,138,712,1325
m42ah,ah,m,292,140,821,1283
m44ah,ah,m,286,101,822,1315
m45ah,ah,m,285,180,753,1200
m47ah,ah,m,301,120,662,1183
m48ah,ah,m,207,122,682,1259
m49ah,ah,m,270,124,818,1315
m50ah,ah,m,250,110,710,1483
w01ah,ah,w,265,211,1012,1603
w02ah,ah,w,443,209,883,1682
w03ah,ah,w,257,192,1025,1548
w04ah,ah,w,350,216,804,1484
w05ah,ah,w,365,226,935,1377
w06ah,ah,w,329,211,804,1363
w07ah,ah,w,306,173,939,1233
w08ah,ah,w,317,243,827,1701
w09ah,ah,w,282,240,913,1436
w10ah,ah,w,367,223,856,1540
w11ah,ah,w,380,191,882,1380
w12ah,ah,w,343,216,887,1743
w13ah,ah,w,329,226,869,1495
w14ah,ah,w,275,211,994,1609
w15ah,ah,w,340,226,955,1615
w16ah,ah,w,305,189,1085,1687
w17ah,ah,w,267,205,937,1623
w19ah,ah,w,316,239,918,1640
w20ah,ah,w,365,193,818,1351
w21ah,ah,w,402,216,769,1451
w22ah,ah,w,350,178,1008,1495
w23ah,ah,w,329,207,905,1514
w24ah,ah,w,303,259,1063,1680
w25ah,ah,w,430,212,1053,1677
w26ah,ah,w,333,170,798,1351
w27ah,ah,w,284,250,869,1751
w28ah,ah,w,217,235,863,1538
w29ah,ah,w,303,248,938,1462
w30ah,ah,w,293,232,957,1591
w31ah,ah,w,315,202,827,1543
w32ah,ah,w,240,213,708,1547
w33ah,ah,w,283,241,1163,1685
w34ah,ah,w,247,211,1011,1541
w35ah,ah,w,310,201,1035,1486
w36ah,ah,w,455,208,952,1676
w37ah,ah,w,419,175,810,1314
w38ah,ah,w,336,217,993,1671
w39ah,ah,w,338,212,931,1348
w40ah,ah,w,297,198,822,1371
w41ah,ah,w,298,200,875,1491
w42ah,ah,w,268,226,884,1568
w44ah,ah,w,340,212,938,1492
w45ah,ah,w,312,195,914,1383
w46ah,ah,w,334,150,901,1509
w47ah,ah,w,302,207,975,1534
w48ah,ah,w,346,218,796,1502
w49ah,ah,w,326,224,1145,0
w50ah,ah,w,357,234,968,1433
b01ah,ah,b,212,241,831,1676
b02ah,ah,b,328,276,1020,1555
b03ah,ah,b,298,214,982,1823
b04ah,ah,b,357,250,932,1874
b05ah,ah,b,270,227,1052,1659
b07ah,ah,b,294,308,881,1543
b08ah,ah,b,340,202,762,1604
b09ah,ah,b,285,230,987,1610
b10ah,ah,b,413,209,1123,1640
b11ah,ah,b,282,203,832,1602
b12ah,ah,b,425,258,968,1808
b13ah,ah,b,273,211,933,1694
b14ah,ah,b,263,201,998,1560
b15ah,ah,b,340,287,871,2042
b16ah,ah,b,364,187,859,0
b17ah,ah,b,327,245,898,1544
b18ah,ah,b,281,254,1010,1705
b19ah,ah,b,292,218,951,1982
b21ah,ah,b,363,226,1010,1604
b22ah,ah,b,350,263,854,1518
b23ah,ah,b,292,277,1119,1588
b24ah,ah,b,238,228,1205,0
b25ah,ah,b,295,220,872,1565
b26ah,ah,b,314,210,776,1490
b27ah,ah,b,270,223,1147,1553
b28ah,ah,b,271,221,1065,1483
b29ah,ah,b,285,227,944,1540
g01ah,ah,g,276,238,894,1420
g02ah,ah,g,298,208,1312,1820
g04ah,ah,g,324,246,1007,1742
g05ah,ah,g,375,204,978,1817
g06ah,ah,g,275,225,1026,1544
g07ah,ah,g,384,227,843,1803
g08ah,ah,g,407,249,993,2000
g09ah,ah,g,321,245,1197,1734
g10ah,ah,g,282,218,855,1845
g11ah,ah,g,298,240,1047,1488
g12ah,ah,g,317,200,1154,1932
g13ah,ah,g,334,241,931,1749
g14ah,ah,g,308,189,954,1472
g15ah,ah,g,299,233,1316,1752
g17ah,ah,g,304,248,911,1624
g18ah,ah,g,416,214,1033,1929
g19ah,ah,g,220,235,1129,2005
g20ah,ah,g,259,234,1145,1655
g21ah,ah,g,186,215,1021,1720
m01aw,aw,m,330,177,699,996
m02aw,aw,m,289,106,644,856
m03aw,aw,m,355,93,647,926
m04aw,aw,m,347,131,694,970
m06aw,aw,m,250,115,740,999
m07aw,aw,m,292,96,642,949
m08aw,aw,m,294,120,651,1033
m09aw,aw,m,342,123,620,1068
m10aw,aw,m,296,151,637,923
m11aw,aw,m,363,162,695,1108
m13aw,aw,m,283,104,664,1024
m14aw,aw,m,248,108,664,1043
m16aw,aw,m,223,142,628,1069
m17aw,aw,m,278,142,634,987
m18aw,aw,m,320,146,662,1001
m19aw,aw,m,274,154,653,1020
m20aw,aw,m,287,138,648,1013
m21aw,aw,m,253,107,631,1019
m22aw,aw,m,316,120,688,1139
m23aw,aw,m,292,111,696,983
m24aw,aw,m,248,127,691,1111
m25aw,aw,m,249,109,587,941
m26aw,aw,m,282,111,636,978
m27aw,aw,m,171,103,686,1064
m28aw,aw,m,222,122,681,1060
m29aw,aw,m,226,117,720,1063
m30aw,aw,m,344,92,619,1012
m31aw,aw,m,196,155,640,1149
m32aw,aw,m,195,144,633,995
m33aw,aw,m,268,133,649,1048
m34aw,aw,m,239,116,623,1012
m35aw,aw,m,304,106,645,1049
m36aw,aw,m,300,112,645,1063
m37aw,aw,m,202,130,606,991
m38aw,aw,m,229,142,636,1108
m39aw,aw,m,196,124,670,919
m40aw,aw,m,281,131,631,1167
m41aw,aw,m,249,134,687,1062
m42aw,aw,m,328,131,684,1000
m44aw,aw,m,301,100,684,1001
m45aw,aw,m,293,184,704,1052
m47aw,aw,m,300,121,591,974
m48aw,aw,m,242,118,611,1067
m49aw,aw,m,293,121,643,931
m50aw,aw,m,277,109,679,1102
w01aw,aw,w,305,218,815,1200
w02aw,aw,w,464,211,760,1225
w03aw,aw,w,326,186,772,1051
w04aw,aw,w,379,203,770,1245
w05aw,aw,w,363,231,923,1368
w06aw,aw,w,363,212,778,1220
w07aw,aw,w,314,167,809,1097
w08aw,aw,w,320,242,815,1426
w09aw,aw,w,309,241,890,1063
w10aw,aw,w,416,225,771,1170
w11aw,aw,w,380,197,755,1114
w12aw,aw,w,397,227,930,1422
w13aw,aw,w,363,234,697,1142
w14aw,aw,w,266,223,748,1063
w15aw,aw,w,394,229,827,1189
w16aw,aw,w,342,201,847,1192
w17aw,aw,w,341,211,794,1185
w19aw,aw,w,327,241,848,1175
w20aw,aw,w,344,185,713,1132
w21aw,aw,w,465,226,698,1127
w22aw,aw,w,318,191,736,1120
w23aw,aw,w,362,209,835,1326
w24aw,aw,w,366,247,907,1527
w25aw,aw,w,414,205,811,1254
w26aw,aw,w,378,180,656,1075
w27aw,aw,w,284,244,890,1292
w28aw,aw,w,262,217,860,1504
w29aw,aw,w,327,212,740,1037
w30aw,aw,w,319,233,867,1207
w31aw,aw,w,384,194,776,1324
w32aw,aw,w,287,226,699,1104
w33aw,aw,w,328,241,906,1386
w34aw,aw,w,253,210,814,1144
w35aw,aw,w,331,207,801,1187
w36aw,aw,w,422,213,822,1177
w37aw,aw,w,413,196,851,1105
w38aw,aw,w,327,219,825,1213
w39aw,aw,w,369,211,752,1101
w40aw,aw,w,303,200,765,997
w41aw,aw,w,332,198,957,0
w42aw,aw,w,387,237,799,1146
w44aw,aw,w,390,222,715,963
w45aw,aw,w,351,196,790,1044
w46aw,aw,w,396,162,850,1182
w47aw,aw,w,310,206,813,1117
w48aw,aw,w,355,221,736,1098
w49aw,aw,w,318,219,677,1054
w50aw,aw,w,361,246,995,1359
b01aw,aw,b,242,247,725,1384
b02aw,aw,b,327,263,802,1287
b03aw,aw,b,334,207,805,1299
b04aw,aw,b,304,244,817,1329
b05aw,aw,b,236,199,780,1236
b07aw,aw,b,378,301,891,1383
b08aw,aw,b,353,207,610,993
b09aw,aw,b,313,238,845,1111
b10aw,aw,b,316,208,695,1288
b11aw,aw,b,331,194,761,1310
b12aw,aw,b,369,251,985,1630
b13aw,aw,b,322,210,875,1402
b14aw,aw,b,243,206,950,1246
b15aw,aw,b,312,258,750,1251
b16aw,aw,b,367,201,819,1074
b17aw,aw,b,315,264,744,1093
b18aw,aw,b,269,249,808,1467
b19aw,aw,b,294,222,820,1356
b21aw,aw,b,376,240,831,0
b22aw,aw,b,384,249,746,1309
b23aw,aw,b,313,268,765,1067
b24aw,aw,b,196,203,770,1010
b25aw,aw,b,340,213,839,1240
b26aw,aw,b,362,220,635,1163
b27aw,aw,b,250,215,792,1268
b28aw,aw,b,267,216,640,929
b29aw,aw,b,305,214,941,1409
g01aw,aw,g,349,240,867,1292
g02aw,aw,g,249,217,875,1501
g04aw,aw,g,430,244,885,1415
g05aw,aw,g,368,210,882,1309
g06aw,aw,g,300,224,888,1266
g07aw,aw,g,342,233,697,1358
g08aw,aw,g,377,270,787,1234
g09aw,aw,g,425,301,932,1445
g10aw,aw,g,285,226,893,1563
g11aw,aw,g,380,232,898,1359
g12aw,aw,g,323,241,952,1665
g13aw,aw,g,339,234,823,1356
g14aw,aw,g,332,214,854,1109
g15aw,aw,g,360,239,894,1366
g17aw,aw,g,291,233,757,1242
g18aw,aw,g,441,215,1062,0
g19aw,aw,g,218,221,1090,1465
g20aw,aw,g,274,246,998,1368
g21aw,aw,g,259,218,1001,1488
m01eh,eh,m,266,171,609,1980
m02eh,eh,m,167,103,517,1917
m03eh,eh,m,284,95,559,1695
m04eh,eh,m,229,127,698,1580
m06eh,eh,m,177,115,555,1851
m07eh,eh,m,197,104,571,1926
m08eh,eh,m,239,126,582,1768
m09eh,eh,m,239,120,560,1697
m10eh,eh,m,186,154,594,1716
m11eh,eh,m,261,146,569,1709
m13eh,eh,m,203,99,577,1811
m14eh,eh,m,231,110,570,1824
m16eh,eh,m,156,144,546,1750
m17eh,eh,m,181,138,554,1790
m18eh,eh,m,170,131,608,1831
m19eh,eh,m,185,151,562,1816
m20eh,eh,m,199,137,583,1757
m21eh,eh,m,138,128,615,1624
m22eh,eh,m,184,122,630,1786
m23eh,eh,m,227,111,629,1810
m24eh,eh,m,153,119,624,1909
m25eh,eh,m,190,109,559,1755
m26eh,eh,m,207,114,609,1675
m27eh,eh,m,215,104,634,1874
m28eh,eh,m,125,128,636,1893
m29eh,eh,m,177,118,620,1832
m30eh,eh,m,197,98,565,1805
m31eh,eh,m,146,146,571,1752
m32eh,eh,m,166,149,608,1871
m33eh,eh,m,205,131,567,1718
m34eh,eh,m,185,121,541,1743
m35eh,eh,m,244,112,543,1840
m36eh,eh,m,217,114,579,1866
m37eh,eh,m,139,130,568,1687
m38eh,eh,m,158,135,583,1760
m39eh,eh,m,201,150,641,1814
m40eh,eh,m,204,138,623,1937
m41eh,eh,m,188,137,562,1591
m42eh,eh,m,207,161,622,1799
m44eh,eh,m,200,98,561,1786
m45eh,eh,m,200,187,723,2208
m47eh,eh,m,209,127,534,1608
m48eh,eh,m,198,124,574,1813
m49eh,eh,m,172,114,557,1996
m50eh,eh,m,178,115,565,1952
w01eh,eh,w,217,228,734,1893
w02eh,eh,w,432,197,740,2186
w03eh,eh,w,202,218,707,2110
w04eh,eh,w,315,216,693,1991
w05eh,eh,w,260,233,743,1981
w06eh,eh,w,280,211,712,1881
w07eh,eh,w,238,198,734,2141
w08eh,eh,w,199,244,732,2189
w09eh,eh,w,233,246,710,2138
w10eh,eh,w,271,227,704,2023
w11eh,eh,w,317,195,766,1922
w12eh,eh,w,234,210,673,2389
w13eh,eh,w,231,214,651,2157
w14eh,eh,w,241,226,817,2242
w15eh,eh,w,217,222,684,1992
w16eh,eh,w,253,197,756,2008
w17eh,eh,w,188,216,750,1935
w19eh,eh,w,317,238,706,1986
w20eh,eh,w,263,173,717,2256
w21eh,eh,w,281,233,727,1871
w22eh,eh,w,239,180,584,2175
w23eh,eh,w,294,210,762,1902
w24eh,eh,w,231,251,981,2075
w25eh,eh,w,386,211,794,2046
w26eh,eh,w,183,195,620,2071
w27eh,eh,w,236,244,741,1997
w28eh,eh,w,177,223,693,2012
w29eh,eh,w,193,203,597,2426
w30eh,eh,w,221,244,886,2186
w31eh,eh,w,248,214,588,2130
w32eh,eh,w,191,189,755,1762
w33eh,eh,w,194,236,885,2322
w34eh,eh,w,179,214,804,1998
w35eh,eh,w,223,202,718,2005
w36eh,eh,w,368,205,773,2042
w37eh,eh,w,343,191,694,2160
w38eh,eh,w,268,210,680,2068
w39eh,eh,w,259,193,694,2052
w40eh,eh,w,237,185,726,2123
w41eh,eh,w,203,217,714,2255
w42eh,eh,w,250,209,623,1882
w44eh,eh,w,255,221,718,1952
w45eh,eh,w,247,198,758,2091
w46eh,eh,w,284,168,676,2196
w47eh,eh,w,244,217,770,1866
w48eh,eh,w,244,213,683,1851
w49eh,eh,w,221,222,709,2088
w50eh,eh,w,270,219,817,1984
b01eh,eh,b,184,214,713,2095
b02eh,eh,b,195,284,674,2196
b03eh,eh,b,260,191,735,2315
b04eh,eh,b,364,245,735,2448
b05eh,eh,b,207,219,787,2176
b07eh,eh,b,272,297,867,2054
b08eh,eh,b,135,205,605,2445
b09eh,eh,b,193,238,699,2202
b10eh,eh,b,234,218,646,2435
b11eh,eh,b,282,214,794,2066
b12eh,eh,b,363,249,742,2355
b13eh,eh,b,258,227,640,2244
b14eh,eh,b,168,200,806,2172
b15eh,eh,b,312,279,734,2242
b16eh,eh,b,291,202,616,2356
b17eh,eh,b,189,241,749,1869
b18eh,eh,b,195,241,710,1993
b19eh,eh,b,227,203,632,2431
b21eh,eh,b,274,204,642,2015
b22eh,eh,b,212,242,699,2169
b23eh,eh,b,238,270,1057,2426
b24eh,eh,b,165,212,744,2227
b25eh,eh,b,215,232,692,2354
b26eh,eh,b,331,217,668,2106
b27eh,eh,b,192,231,699,2194
b28eh,eh,b,210,221,680,2187
b29eh,eh,b,212,231,856,2304
g01eh,eh,g,202,227,653,2241
g02eh,eh,g,218,188,928,2254
g04eh,eh,g,277,245,802,2427
g05eh,eh,g,328,226,809,2265
g06eh,eh,g,174,222,660,2223
g07eh,eh,g,284,230,649,2268
g08eh,eh,g,294,244,741,2418
g09eh,eh,g,292,238,763,2393
g10eh,eh,g,278,227,816,2404
g11eh,eh,g,227,226,793,2228
g12eh,eh,g,250,236,762,2349
g13eh,eh,g,250,263,759,2488
g14eh,eh,g,297,211,621,2275
g15eh,eh,g,266,226,880,2638
g17eh,eh,g,204,249,755,2137
g18eh,eh,g,258,205,533,2480
g19eh,eh,g,222,229,868,2318
g20eh,eh,g,228,228,882,2524
g21eh,eh,g,227,230,733,2421
m01ei,ei,m,319,166,494,2113
m02ei,ei,m,261,105,438,2196
m03ei,ei,m,353,91,438,2026
m04ei,ei,m,253,134,493,2102
m06ei,ei,m,241,120,497,2024
m07ei,ei,m,281,100,555,2174
m08ei,ei,m,328,133,529,1974
m09ei,ei,m,318,122,446,1918
m10ei,ei,m,273,151,439,2067
m11ei,ei,m,360,141,433,2082
m13ei,ei,m,243,95,439,2126
m14ei,ei,m,256,109,495,2166
m16ei,ei,m,218,143,482,1904
m17ei,ei,m,259,148,435,2013
m18ei,ei,m,338,151,445,2268
m19ei,ei,m,246,156,492,2195
m20ei,ei,m,237,141,535,2004
m21ei,ei,m,196,126,382,2035
m22ei,ei,m,251,121,499,2068
m23ei,ei,m,311,116,477,2110
m24ei,ei,m,274,131,529,2114
m25ei,ei,m,267,112,494,1962
m26ei,ei,m,262,113,504,1878
m27ei,ei,m,252,115,472,2141
m28ei,ei,m,231,124,490,2187
m29ei,ei,m,211,139,393,2305
m30ei,ei,m,338,94,374,2436
m31ei,ei,m,239,158,444,2121
m32ei,ei,m,219,148,500,2159
m33ei,ei,m,311,142,480,2100
m34ei,ei,m,261,116,469,2035
m35ei,ei,m,312,108,438,2003
m36ei,ei,m,269,121,478,2049
m37ei,ei,m,193,140,497,1903
m38ei,ei,m,255,155,477,2073
m39ei,ei,m,286,151,440,2245
m40ei,ei,m,230,142,502,2025
m41ei,ei,m,217,139,501,1944
m42ei,ei,m,319,138,549,1921
m44ei,ei,m,269,101,497,2083
m45ei,ei,m,255,181,537,2493
m47ei,ei,m,282,123,482,1804
m48ei,ei,m,247,120,501,2042
m49ei,ei,m,229,138,441,2348
m50ei,ei,m,256,109,492,2108
w01ei,ei,w,239,227,539,2476
w02ei,ei,w,453,220,477,2704
w03ei,ei,w,263,208,672,2457
w04ei,ei,w,437,226,601,2577
w05ei,ei,w,302,241,487,2600
w06ei,ei,w,318,214,492,2437
w07ei,ei,w,330,186,553,2458
w08ei,ei,w,274,238,496,2665
w09ei,ei,w,222,265,505,2777
w10ei,ei,w,347,220,455,2433
w11ei,ei,w,413,214,574,2316
w12ei,ei,w,329,238,502,2674
w13ei,ei,w,318,236,647,2539
w14ei,ei,w,230,206,596,2478
w15ei,ei,w,325,244,500,2482
w16ei,ei,w,336,207,617,2697
w17ei,ei,w,261,210,558,2505
w19ei,ei,w,334,244,572,2428
w20ei,ei,w,305,203,574,2360
w21ei,ei,w,346,238,498,2218
w22ei,ei,w,269,166,511,2574
w23ei,ei,w,342,211,513,2435
w24ei,ei,w,349,263,617,2668
w25ei,ei,w,399,212,610,2598
w26ei,ei,w,420,171,485,2423
w27ei,ei,w,284,243,578,2474
w28ei,ei,w,231,234,507,2573
w29ei,ei,w,280,246,504,2501
w30ei,ei,w,313,245,494,2680
w31ei,ei,w,338,212,487,2408
w32ei,ei,w,277,215,547,2262
w33ei,ei,w,296,247,500,2889
w34ei,ei,w,267,211,433,2773
w35ei,ei,w,314,215,591,2562
w36ei,ei,w,402,211,596,2314
w37ei,ei,w,367,193,500,2622
w38ei,ei,w,310,224,645,2554
w39ei,ei,w,344,198,434,2568
w40ei,ei,w,296,202,543,2399
w41ei,ei,w,298,214,555,2766
w42ei,ei,w,343,232,484,2276
w44ei,ei,w,300,217,442,2464
w45ei,ei,w,319,205,606,2438
w46ei,ei,w,377,160,485,2619
w47ei,ei,w,313,218,472,2616
w48ei,ei,w,309,224,546,2237
w49ei,ei,w,305,214,439,2801
w50ei,ei,w,361,252,664,2455
b01ei,ei,b,222,230,534,2690
b02ei,ei,b,324,277,556,2482
b03ei,ei,b,286,201,608,2836
b04ei,ei,b,323,252,574,2490
b05ei,ei,b,247,215,611,2761
b07ei,ei,b,361,320,629,2663
b08ei,ei,b,285,223,606,2396
b09ei,ei,b,258,235,555,2377
b10ei,ei,b,314,197,580,2754
b11ei,ei,b,309,210,571,2586
b12ei,ei,b,357,260,554,2620
b13ei,ei,b,280,242,532,2673
b14ei,ei,b,260,203,436,2658
b15ei,ei,b,382,262,558,2643
b16ei,ei,b,346,193,564,2523
b17ei,ei,b,245,250,499,2356
b18ei,ei,b,265,257,621,2476
b19ei,ei,b,285,222,652,2661
b21ei,ei,b,465,232,463,2745
b22ei,ei,b,322,250,558,2559
b23ei,ei,b,336,271,586,2720
b24ei,ei,b,199,212,613,2593
b25ei,ei,b,294,219,441,2585
b26ei,ei,b,426,233,654,2549
b27ei,ei,b,293,239,494,2823
b28ei,ei,b,309,239,510,2438
b29ei,ei,b,289,236,655,2772
g01ei,ei,g,320,243,496,2670
g02ei,ei,g,286,211,648,2788
g04ei,ei,g,350,266,561,2663
g05ei,ei,g,321,220,638,2553
g06ei,ei,g,261,225,542,2755
g07ei,ei,g,421,242,544,2444
g08ei,ei,g,438,257,513,2881
g09ei,ei,g,364,258,536,2859
g10ei,ei,g,310,236,740,2651
g11ei,ei,g,315,240,494,2676
g12ei,ei,g,293,262,594,2733
g13ei,ei,g,345,258,550,2780
g14ei,ei,g,351,222,564,2455
g15ei,ei,g,386,237,497,2804
g17ei,ei,g,280,258,575,2502
g18ei,ei,g,325,209,570,3256
g19ei,ei,g,223,234,618,2752
g20ei,ei,g,294,249,540,2687
g21ei,ei,g,259,235,558,2533
m01er,er,m,324,175,506,1418
m02er,er,m,296,111,457,1406
m03er,er,m,368,94,479,1252
m04er,er,m,332,134,460,1473
m06er,er,m,217,117,489,1338
m07er,er,m,272,96,493,1270
m08er,er,m,282,131,501,1334
m09er,er,m,342,137,466,1377
m10er,er,m,249,154,459,1367
m11er,er,m,340,140,438,1387
m13er,er,m,268,110,439,1220
m14er,er,m,287,106,506,1464
m16er,er,m,204,147,439,1387
m17er,er,m,256,140,429,1389
m18er,er,m,298,139,504,1386
m19er,er,m,243,154,505,1330
m20er,er,m,356,156,457,1437
m21er,er,m,185,122,463,1371
m22er,er,m,256,120,491,1455
m23er,er,m,274,117,504,1173
m24er,er,m,258,134,513,1342
m25er,er,m,260,116,474,1505
m26er,er,m,252,121,505,1450
m27er,er,m,231,116,442,1517
m28er,er,m,201,140,496,1500
m29er,er,m,206,118,453,1432
m30er,er,m,310,103,430,1294
m31er,er,m,210,146,435,1289
m32er,er,m,202,151,491,1370
m33er,er,m,270,129,477,1376
m34er,er,m,252,115,447,1400
m35er,er,m,271,112,440,1447
m36er,er,m,290,119,493,1428
m37er,er,m,212,130,478,1440
m38er,er,m,206,142,451,1314
m39er,er,m,260,138,467,1432
m40er,er,m,266,127,505,1447
m41er,er,m,214,150,461,1297
m42er,er,m,326,143,557,1344
m44er,er,m,252,105,491,1300
m45er,er,m,255,196,486,1372
m47er,er,m,259,133,443,1262
m48er,er,m,248,116,489,1493
m49er,er,m,238,156,444,1377
m50er,er,m,258,123,516,1399
w01er,er,w,300,224,470,1437
w02er,er,w,418,218,500,1441
w03er,er,w,278,182,523,1413
w04er,er,w,350,216,619,1716
w05er,er,w,317,242,494,1485
w06er,er,w,342,225,527,1636
w07er,er,w,320,174,518,1604
w08er,er,w,272,250,516,1983
w09er,er,w,261,248,503,1480
w10er,er,w,342,230,495,1596
w11er,er,w,389,195,567,1496
w12er,er,w,348,219,501,1555
w13er,er,w,275,244,531,1688
w14er,er,w,267,225,506,1604
w15er,er,w,355,234,484,1652
w16er,er,w,295,219,597,1588
w17er,er,w,308,212,491,1506
w19er,er,w,319,246,524,1547
w20er,er,w,325,175,508,1562
w21er,er,w,370,224,469,1499
w22er,er,w,279,173,505,1568
w23er,er,w,345,212,508,1687
w24er,er,w,327,262,538,1813
w25er,er,w,403,215,617,1565
w26er,er,w,340,184,522,1490
w27er,er,w,242,257,507,1749
w28er,er,w,223,238,514,1831
w29er,er,w,311,264,580,1407
w30er,er,w,332,246,557,1546
w31er,er,w,335,184,555,1491
w32er,er,w,272,212,588,1509
w33er,er,w,345,252,549,1749
w34er,er,w,240,214,461,1534
w35er,er,w,300,218,537,1509
w36er,er,w,438,206,492,1635
w37er,er,w,371,198,455,1769
w38er,er,w,303,230,656,1614
w39er,er,w,340,189,509,1365
w40er,er,w,304,207,584,1486
w41er,er,w,262,208,491,1655
w42er,er,w,331,240,482,1676
w44er,er,w,319,237,487,1434
w45er,er,w,310,204,537,1638
w46er,er,w,382,166,500,1637
w47er,er,w,327,211,456,1615
w48er,er,w,346,231,604,1441
w49er,er,w,301,176,513,1569
w50er,er,w,356,224,503,1766
b01er,er,b,227,240,608,1733
b02er,er,b,395,283,560,1687
b03er,er,b,280,199,622,1837
b04er,er,b,386,230,580,1990
b05er,er,b,228,224,573,1562
b07er,er,b,375,294,612,1645
b08er,er,b,261,208,477,1809
b09er,er,b,262,241,505,1691
b10er,er,b,326,220,620,1823
b11er,er,b,322,211,586,1681
b12er,er,b,366,263,523,1874
b13er,er,b,255,193,574,1751
b14er,er,b,283,213,619,1498
b15er,er,b,371,281,562,1682
b16er,er,b,334,200,591,1626
b17er,er,b,304,247,556,1741
b18er,er,b,304,272,559,1828
b19er,er,b,278,217,571,1984
b21er,er,b,378,247,495,1555
b22er,er,b,336,259,678,1594
b23er,er,b,332,246,614,1867
b24er,er,b,270,248,568,1512
b25er,er,b,277,227,488,1584
b26er,er,b,347,224,479,1579
b27er,er,b,251,211,615,1742
b28er,er,b,263,220,457,1570
b29er,er,b,390,250,614,1733
g01er,er,g,297,228,556,1687
g02er,er,g,258,223,620,1750
g04er,er,g,359,285,564,2003
g05er,er,g,348,223,601,1791
g06er,er,g,299,224,632,1689
g07er,er,g,365,237,585,1694
g08er,er,g,346,260,540,1571
g09er,er,g,413,286,573,1748
g10er,er,g,320,212,631,1722
g11er,er,g,296,233,671,1556
g12er,er,g,270,253,627,1780
g13er,er,g,288,273,561,1692
g14er,er,g,312,215,603,1663
g15er,er,g,331,248,707,1706
g17er,er,g,269,225,667,1688
g18er,er,g,287,219,611,2033
g19er,er,g,197,236,670,1899
g20er,er,g,286,230,627,1628
g21er,er,g,262,225,620,1689
m01ih,ih,m,268,179,370,2161
m02ih,ih,m,183,111,384,2039
m03ih,ih,m,262,101,411,1932
m04ih,ih,m,227,135,441,2045
m06ih,ih,m,159,115,441,2080
m07ih,ih,m,190,108,363,2269
m08ih,ih,m,235,131,390,1948
m09ih,ih,m,221,132,385,1843
m10ih,ih,m,186,153,440,1954
m11ih,ih,m,301,163,470,1959
m13ih,ih,m,164,109,411,2034
m14ih,ih,m,249,121,444,2154
m16ih,ih,m,134,145,424,1913
m17ih,ih,m,169,145,419,2076
m18ih,ih,m,179,142,491,1958
m19ih,ih,m,194,159,486,2061
m20ih,ih,m,221,139,433,2012
m21ih,ih,m,145,123,418,1964
m22ih,ih,m,220,128,452,2062
m23ih,ih,m,207,113,463,2018
m24ih,ih,m,202,138,501,1971
m25ih,ih,m,176,107,427,1974
m26ih,ih,m,197,129,439,1951
m27ih,ih,m,188,115,453,2013
m28ih,ih,m,160,189,469,2128
m29ih,ih,m,145,131,404,2107
m30ih,ih,m,178,105,383,2167
m31ih,ih,m,134,165,440,2119
m32ih,ih,m,154,148,438,2049
m33ih,ih,m,204,147,437,1960
m34ih,ih,m,172,128,379,1942
m35ih,ih,m,226,111,397,1985
m36ih,ih,m,174,130,428,1999
m37ih,ih,m,147,133,434,1872
m38ih,ih,m,142,133,427,2140
m39ih,ih,m,168,149,440,2082
m40ih,ih,m,194,145,431,2071
m41ih,ih,m,185,143,437,1915
m42ih,ih,m,191,162,474,1956
m44ih,ih,m,204,111,433,2012
m45ih,ih,m,224,196,432,2494
m47ih,ih,m,244,131,396,1810
m48ih,ih,m,182,137,429,1962
m49ih,ih,m,177,136,416,2296
m50ih,ih,m,198,130,441,2068
w01ih,ih,w,176,246,496,2260
w02ih,ih,w,356,219,446,2444
w03ih,ih,w,197,188,486,2332
w04ih,ih,w,356,224,502,2391
w05ih,ih,w,266,238,497,2379
w06ih,ih,w,266,216,531,2174
w07ih,ih,w,285,192,535,2380
w08ih,ih,w,180,247,498,2654
w09ih,ih,w,218,253,500,2272
w10ih,ih,w,249,227,471,2277
w11ih,ih,w,320,207,453,2427
w12ih,ih,w,246,237,489,2603
w13ih,ih,w,219,233,555,2216
w14ih,ih,w,209,221,491,2316
w15ih,ih,w,218,234,485,2129
w16ih,ih,w,290,214,457,2590
w17ih,ih,w,203,221,474,2362
w19ih,ih,w,256,252,501,2355
w20ih,ih,w,240,213,449,2173
w21ih,ih,w,345,233,458,2143
w22ih,ih,w,171,187,440,2394
w23ih,ih,w,227,218,535,2134
w24ih,ih,w,258,256,516,2567
w25ih,ih,w,302,222,552,2453
w26ih,ih,w,209,223,455,2304
w27ih,ih,w,197,251,515,2378
w28ih,ih,w,167,238,504,2334
w29ih,ih,w,219,260,544,2570
w30ih,ih,w,208,250,501,2449
w31ih,ih,w,261,206,431,2190
w32ih,ih,w,213,215,478,2157
w33ih,ih,w,227,252,556,2541
w34ih,ih,w,175,231,486,2454
w35ih,ih,w,176,218,442,2472
w36ih,ih,w,353,225,486,2253
w37ih,ih,w,363,201,440,2453
w38ih,ih,w,239,231,477,2554
w39ih,ih,w,247,216,436,2559
w40ih,ih,w,227,205,501,2292
w41ih,ih,w,200,219,443,2644
w42ih,ih,w,170,236,489,2175
w44ih,ih,w,266,225,451,2247
w45ih,ih,w,287,213,442,2316
w46ih,ih,w,252,149,449,2492
w47ih,ih,w,208,221,444,2237
w48ih,ih,w,209,238,498,2234
w49ih,ih,w,216,225,463,2603
w50ih,ih,w,245,239,499,2384
b01ih,ih,b,197,263,551,2393
b02ih,ih,b,239,289,563,2608
b03ih,ih,b,284,228,571,2689
b04ih,ih,b,268,249,513,2447
b05ih,ih,b,209,226,479,2449
b07ih,ih,b,268,296,590,2354
b08ih,ih,b,205,215,447,2784
b09ih,ih,b,232,239,536,2319
b10ih,ih,b,263,209,529,2649
b11ih,ih,b,227,197,522,2387
b12ih,ih,b,305,262,548,2592
b13ih,ih,b,253,223,491,2409
b14ih,ih,b,177,221,470,2505
b15ih,ih,b,255,287,564,2515
b16ih,ih,b,290,198,562,2549
b17ih,ih,b,276,252,499,2230
b18ih,ih,b,196,264,535,2190
b19ih,ih,b,263,212,520,2695
b21ih,ih,b,300,257,506,2432
b22ih,ih,b,187,231,489,2544
b23ih,ih,b,205,276,559,2753
b24ih,ih,b,137,229,447,2645
b25ih,ih,b,249,212,479,2492
b26ih,ih,b,316,218,481,2567
b27ih,ih,b,174,230,551,2362
b28ih,ih,b,194,240,490,2449
b29ih,ih,b,294,243,503,2433
g01ih,ih,g,233,240,495,2574
g02ih,ih,g,197,258,557,2634
g04ih,ih,g,313,271,558,2427
g05ih,ih,g,323,219,441,2728
g06ih,ih,g,150,236,488,2623
g07ih,ih,g,311,252,506,2432
g08ih,ih,g,378,261,517,2619
g09ih,ih,g,308,264,515,2828
g10ih,ih,g,241,257,518,2870
g11ih,ih,g,250,226,499,2437
g12ih,ih,g,240,242,533,2762
g13ih,ih,g,273,257,508,2642
g14ih,ih,g,311,216,435,2623
g15ih,ih,g,337,244,497,2684
g17ih,ih,g,212,243,504,2408
g18ih,ih,g,267,212,557,2664
g19ih,ih,g,168,236,550,2625
g20ih,ih,g,220,234,489,2730
g21ih,ih,g,170,226,444,2846
m01iy,iy,m,339,172,328,2418
m02iy,iy,m,236,108,305,2320
m03iy,iy,m,315,96,331,2311
m04iy,iy,m,240,134,353,2385
m06iy,iy,m,241,122,367,2390
m07iy,iy,m,259,101,346,2379
m08iy,iy,m,298,164,312,2402
m09iy,iy,m,341,129,355,2049
m10iy,iy,m,223,163,320,2300
m11iy,iy,m,323,160,315,2253
m13iy,iy,m,229,106,327,2257
m14iy,iy,m,256,106,329,2514
m16iy,iy,m,179,142,311,2274
m17iy,iy,m,261,165,322,2282
m18iy,iy,m,273,143,364,2366
m19iy,iy,m,232,160,350,2462
m20iy,iy,m,263,161,314,2368
m21iy,iy,m,153,129,328,2123
m22iy,iy,m,251,127,372,2280
m23iy,iy,m,265,121,367,2244
m24iy,iy,m,241,133,381,2515
m25iy,iy,m,268,119,352,2254
m26iy,iy,m,271,115,323,2269
m27iy,iy,m,218,117,338,2329
m28iy,iy,m,194,175,368,2509
m29iy,iy,m,161,132,309,2385
m30iy,iy,m,282,107,307,2405
m31iy,iy,m,202,158,312,2319
m32iy,iy,m,205,166,327,2378
m33iy,iy,m,254,159,314,2506
m34iy,iy,m,200,130,365,2119
m35iy,iy,m,268,113,327,2143
m36iy,iy,m,219,135,362,2103
m37iy,iy,m,195,137,392,2127
m38iy,iy,m,187,145,308,2190
m39iy,iy,m,235,184,373,2207
m40iy,iy,m,231,154,343,2502
m41iy,iy,m,221,141,394,2300
m42iy,iy,m,286,157,373,2214
m44iy,iy,m,291,100,312,2307
m45iy,iy,m,234,216,420,2600
m47iy,iy,m,228,159,315,2052
m48iy,iy,m,216,130,366,2504
m49iy,iy,m,246,133,370,2536
m50iy,iy,m,228,114,354,2375
w01iy,iy,w,232,234,441,2806
w02iy,iy,w,380,222,435,2890
w03iy,iy,w,289,192,380,2703
w04iy,iy,w,364,215,428,2767
w05iy,iy,w,305,249,346,2703
w06iy,iy,w,332,221,439,2676
w07iy,iy,w,281,200,394,2689
w08iy,iy,w,297,264,493,2967
w09iy,iy,w,246,266,442,2850
w10iy,iy,w,324,239,477,2866
w11iy,iy,w,433,203,408,2627
w12iy,iy,w,359,223,435,2868
w13iy,iy,w,336,229,438,2813
w14iy,iy,w,261,225,440,2706
w15iy,iy,w,321,259,455,2797
w16iy,iy,w,278,227,443,2944
w17iy,iy,w,240,210,429,2698
w19iy,iy,w,302,247,492,2695
w20iy,iy,w,287,195,382,2563
w21iy,iy,w,353,223,434,2512
w22iy,iy,w,304,214,435,2621
w23iy,iy,w,307,219,433,2634
w24iy,iy,w,334,272,531,2996
w25iy,iy,w,346,237,467,3009
w26iy,iy,w,336,177,375,2577
w27iy,iy,w,250,252,497,2795
w28iy,iy,w,222,246,495,2910
w29iy,iy,w,284,275,508,2731
w30iy,iy,w,306,233,452,2754
w31iy,iy,w,316,237,461,2359
w32iy,iy,w,261,216,433,2720
w33iy,iy,w,257,268,505,2982
w34iy,iy,w,236,220,434,2854
w35iy,iy,w,276,215,426,2775
w36iy,iy,w,324,220,424,2692
w37iy,iy,w,396,201,380,2816
w38iy,iy,w,276,223,439,2927
w39iy,iy,w,338,210,430,2606
w40iy,iy,w,271,198,383,2733
w41iy,iy,w,263,229,438,2964
w42iy,iy,w,376,250,427,2772
w44iy,iy,w,368,226,437,2555
w45iy,iy,w,326,217,431,2522
w46iy,iy,w,316,155,331,3049
w47iy,iy,w,336,230,440,2757
w48iy,iy,w,279,255,489,2641
w49iy,iy,w,290,243,419,2874
w50iy,iy,w,314,231,437,2778
b01iy,iy,b,237,277,554,3022
b02iy,iy,b,317,287,344,3193
b03iy,iy,b,277,219,441,3081
b04iy,iy,b,318,260,509,2873
b05iy,iy,b,242,244,475,3203
b07iy,iy,b,310,307,488,3063
b08iy,iy,b,241,220,434,3127
b09iy,iy,b,296,251,501,2760
b10iy,iy,b,266,222,424,3198
b11iy,iy,b,254,207,429,2984
b12iy,iy,b,349,262,516,3126
b13iy,iy,b,234,239,476,2772
b14iy,iy,b,327,203,421,3337
b15iy,iy,b,329,259,446,3011
b16iy,iy,b,324,207,428,3070
b17iy,iy,b,331,259,493,2811
b18iy,iy,b,269,285,504,2803
b19iy,iy,b,288,228,442,3135
b21iy,iy,b,398,247,427,2952
b22iy,iy,b,325,260,475,2916
b23iy,iy,b,277,293,366,3207
b24iy,iy,b,205,213,424,3199
b25iy,iy,b,309,239,382,2987
b26iy,iy,b,342,218,441,3079
b27iy,iy,b,241,239,410,2874
b28iy,iy,b,268,240,361,2938
b29iy,iy,b,269,255,366,3024
g01iy,iy,g,314,222,389,3068
g02iy,iy,g,248,246,498,3451
g04iy,iy,g,324,294,463,3225
g05iy,iy,g,305,239,475,3320
g06iy,iy,g,230,250,478,2997
g07iy,iy,g,386,250,457,2776
g08iy,iy,g,390,263,507,3319
g09iy,iy,g,399,294,503,3256
g10iy,iy,g,292,222,456,3389
g11iy,iy,g,282,238,465,2875
g12iy,iy,g,304,212,436,3340
g13iy,iy,g,396,278,464,3104
g14iy,iy,g,320,220,432,2688
g15iy,iy,g,357,251,477,3266
g17iy,iy,g,266,273,466,3004
g18iy,iy,g,343,222,436,3443
g19iy,iy,g,193,237,479,3093
g20iy,iy,g,243,232,469,3278
g21iy,iy,g,258,238,472,3120
m01oa,oa,m,369,169,509,989
m02oa,oa,m,261,105,519,891
m03oa,oa,m,417,96,496,863
m04oa,oa,m,300,146,441,862
m06oa,oa,m,263,114,524,1000
m07oa,oa,m,266,94,515,1126
m08oa,oa,m,285,125,500,868
m09oa,oa,m,340,134,503,950
m10oa,oa,m,269,153,476,1016
m11oa,oa,m,374,149,496,867
m13oa,oa,m,268,104,486,826
m14oa,oa,m,269,107,491,1065
m16oa,oa,m,214,142,434,862
m17oa,oa,m,272,146,439,699
m18oa,oa,m,337,138,454,745
m19oa,oa,m,247,157,566,997
m20oa,oa,m,319,133,534,1002
m21oa,oa,m,204,127,499,859
m22oa,oa,m,287,119,520,987
m23oa,oa,m,279,117,461,801
m24oa,oa,m,233,126,543,1009
m25oa,oa,m,261,112,494,925
m26oa,oa,m,275,107,436,865
m27oa,oa,m,246,105,533,900
m28oa,oa,m,213,130,530,1000
m29oa,oa,m,238,118,509,896
m30oa,oa,m,301,95,376,659
m31oa,oa,m,175,150,457,870
m32oa,oa,m,198,160,487,804
m33oa,oa,m,260,138,502,879
m34oa,oa,m,243,124,499,883
m35oa,oa,m,317,114,465,969
m36oa,oa,m,230,122,496,908
m37oa,oa,m,211,142,437,861
m38oa,oa,m,209,136,548,1067
m39oa,oa,m,252,151,444,815
m40oa,oa,m,256,134,522,911
m41oa,oa,m,229,143,554,1005
m42oa,oa,m,289,140,528,792
m44oa,oa,m,282,106,555,1019
m45oa,oa,m,247,181,552,924
m47oa,oa,m,293,143,473,820
m48oa,oa,m,232,133,499,927
m49oa,oa,m,188,136,495,938
m50oa,oa,m,251,119,601,1045
w01oa,oa,w,302,234,557,1135
w02oa,oa,w,422,212,432,1013
w03oa,oa,w,274,176,624,1130
w04oa,oa,w,410,225,627,1314
w05oa,oa,w,376,224,443,879
w06oa,oa,w,353,203,580,995
w07oa,oa,w,262,196,621,1025
w08oa,oa,w,304,253,506,1257
w09oa,oa,w,257,252,538,998
w10oa,oa,w,363,219,453,980
w11oa,oa,w,372,196,597,1150
w12oa,oa,w,319,233,688,1185
w13oa,oa,w,315,236,631,1181
w14oa,oa,w,264,216,636,1041
w15oa,oa,w,357,226,449,924
w16oa,oa,w,346,209,612,1026
w17oa,oa,w,298,206,616,1034
w19oa,oa,w,340,241,631,1185
w20oa,oa,w,317,174,504,1047
w21oa,oa,w,374,234,469,934
w22oa,oa,w,334,181,578,1061
w23oa,oa,w,345,201,560,987
w24oa,oa,w,362,242,508,991
w25oa,oa,w,443,213,658,1045
w26oa,oa,w,378,167,498,970
w27oa,oa,w,265,243,582,946
w28oa,oa,w,225,240,613,1184
w29oa,oa,w,285,274,636,981
w30oa,oa,w,313,230,636,1096
w31oa,oa,w,363,203,584,936
w32oa,oa,w,239,217,499,1046
w33oa,oa,w,277,247,504,990
w34oa,oa,w,254,219,453,880
w35oa,oa,w,309,210,641,1195
w36oa,oa,w,340,217,620,1057
w37oa,oa,w,406,195,563,1198
w38oa,oa,w,296,221,632,1108
w39oa,oa,w,353,204,430,820
w40oa,oa,w,305,207,438,812
w41oa,oa,w,288,226,450,889
w42oa,oa,w,318,219,444,987
w44oa,oa,w,347,212,435,862
w45oa,oa,w,323,206,608,1007
w46oa,oa,w,350,183,568,1112
w47oa,oa,w,380,224,624,1109
w48oa,oa,w,282,237,522,923
w49oa,oa,w,315,206,444,803
w50oa,oa,w,361,239,720,1277
b01oa,oa,b,267,250,693,1235
b02oa,oa,b,336,258,557,1106
b03oa,oa,b,310,211,624,1456
b04oa,oa,b,322,250,685,1128
b05oa,oa,b,247,197,589,1050
b07oa,oa,b,311,315,641,1243
b08oa,oa,b,341,248,554,896
b09oa,oa,b,210,237,516,1181
b10oa,oa,b,316,209,623,1241
b11oa,oa,b,270,198,591,1168
b12oa,oa,b,403,261,716,0
b13oa,oa,b,259,218,586,1217
b14oa,oa,b,263,203,623,1044
b15oa,oa,b,394,282,562,1051
b16oa,oa,b,315,217,588,1063
b17oa,oa,b,290,269,581,1115
b18oa,oa,b,260,257,613,1236
b19oa,oa,b,335,185,548,1062
b21oa,oa,b,397,243,584,936
b22oa,oa,b,370,257,588,1117
b23oa,oa,b,314,274,557,1065
b24oa,oa,b,216,212,615,0
b25oa,oa,b,292,223,625,1100
b26oa,oa,b,338,215,646,1244
b27oa,oa,b,264,225,658,1272
b28oa,oa,b,293,224,616,1047
b29oa,oa,b,267,241,578,1122
g01oa,oa,g,263,251,571,1243
g02oa,oa,g,295,230,683,1038
g04oa,oa,g,380,282,583,1352
g05oa,oa,g,380,239,678,1306
g06oa,oa,g,268,226,483,903
g07oa,oa,g,442,241,492,927
g08oa,oa,g,309,259,536,789
g09oa,oa,g,423,275,561,1151
g10oa,oa,g,338,238,630,1491
g11oa,oa,g,363,232,455,923
g12oa,oa,g,237,225,637,1142
g13oa,oa,g,351,251,502,960
g14oa,oa,g,330,240,499,992
g15oa,oa,g,382,243,577,1217
g17oa,oa,g,262,267,785,1551
g18oa,oa,g,300,221,568,1096
g19oa,oa,g,222,234,688,1197
g20oa,oa,g,317,213,622,1223
g21oa,oa,g,246,222,643,1262
m01oo,oo,m,255,169,450,995
m02oo,oo,m,174,112,424,992
m03oo,oo,m,275,96,489,1059
m04oo,oo,m,210,134,522,1123
m06oo,oo,m,147,117,468,1115
m07oo,oo,m,197,92,442,1176
m08oo,oo,m,241,132,486,1116
m09oo,oo,m,238,125,442,1205
m10oo,oo,m,196,157,485,1086
m11oo,oo,m,275,151,472,1296
m13oo,oo,m,208,113,459,1036
m14oo,oo,m,203,116,446,1298
m16oo,oo,m,150,145,438,1177
m17oo,oo,m,178,148,438,979
m18oo,oo,m,166,158,481,1094
m19oo,oo,m,222,163,499,1127
m20oo,oo,m,237,144,438,1181
m21oo,oo,m,147,119,451,1106
m22oo,oo,m,173,124,470,1202
m23oo,oo,m,204,121,503,1058
m24oo,oo,m,210,131,504,1318
m25oo,oo,m,216,111,507,1183
m26oo,oo,m,208,116,492,1157
m27oo,oo,m,173,113,487,994
m28oo,oo,m,146,132,435,994
m29oo,oo,m,188,124,491,1246
m30oo,oo,m,191,109,430,1021
m31oo,oo,m,111,156,463,1086
m32oo,oo,m,134,160,500,1067
m33oo,oo,m,180,141,495,1093
m34oo,oo,m,160,125,442,1092
m35oo,oo,m,230,106,466,1375
m36oo,oo,m,185,120,496,1101
m37oo,oo,m,159,132,497,1164
m38oo,oo,m,153,146,436,1154
m39oo,oo,m,196,151,498,1048
m40oo,oo,m,168,142,435,1263
m41oo,oo,m,176,151,468,1064
m42oo,oo,m,227,128,510,1238
m44oo,oo,m,220,112,409,965
m45oo,oo,m,186,195,497,1107
m47oo,oo,m,219,141,465,1087
m48oo,oo,m,167,136,441,1181
m49oo,oo,m,178,164,456,1002
m50oo,oo,m,205,120,495,1106
w01oo,oo,w,238,228,489,1357
w02oo,oo,w,390,225,503,1332
w03oo,oo,w,265,215,494,1102
w04oo,oo,w,279,222,509,1323
w05oo,oo,w,269,244,506,1188
w06oo,oo,w,283,207,483,987
w07oo,oo,w,227,182,563,1233
w08oo,oo,w,210,254,546,1534
w09oo,oo,w,209,247,500,1200
w10oo,oo,w,253,231,491,1179
w11oo,oo,w,332,200,575,1619
w12oo,oo,w,289,225,502,1322
w13oo,oo,w,227,240,552,1193
w14oo,oo,w,227,224,499,1103
w15oo,oo,w,240,248,501,1189
w16oo,oo,w,273,219,562,1109
w17oo,oo,w,202,232,492,1161
w19oo,oo,w,332,249,505,1404
w20oo,oo,w,301,233,500,1095
w21oo,oo,w,370,242,496,1169
w22oo,oo,w,270,203,458,1042
w23oo,oo,w,208,231,617,1373
w24oo,oo,w,245,262,559,1246
w25oo,oo,w,331,228,509,1244
w26oo,oo,w,171,195,490,1122
w27oo,oo,w,167,262,616,1331
w28oo,oo,w,181,242,521,1428
w29oo,oo,w,205,285,570,1117
w30oo,oo,w,216,254,532,1354
w31oo,oo,w,245,228,482,1124
w32oo,oo,w,183,205,541,1183
w33oo,oo,w,187,244,615,1375
w34oo,oo,w,187,232,579,1392
w35oo,oo,w,203,236,552,1364
w36oo,oo,w,328,214,449,1396
w37oo,oo,w,333,228,464,1169
w38oo,oo,w,251,258,552,1214
w39oo,oo,w,236,187,486,1088
w40oo,oo,w,233,205,516,1019
w41oo,oo,w,217,226,444,1081
w42oo,oo,w,246,240,497,1440
w44oo,oo,w,242,224,499,1144
w45oo,oo,w,239,224,480,1108
w46oo,oo,w,265,177,520,1421
w47oo,oo,w,231,237,498,1162
w48oo,oo,w,239,255,519,1051
w49oo,oo,w,217,256,509,1049
w50oo,oo,w,273,236,553,1135
b01oo,oo,b,184,247,553,1495
b02oo,oo,b,253,292,570,1148
b03oo,oo,b,247,200,574,1808
b04oo,oo,b,343,251,558,1742
b05oo,oo,b,197,218,543,1473
b07oo,oo,b,281,305,624,1513
b08oo,oo,b,200,218,469,1097
b09oo,oo,b,222,237,615,1345
b10oo,oo,b,259,214,613,1561
b11oo,oo,b,271,213,593,1507
b12oo,oo,b,325,268,588,1578
b13oo,oo,b,244,227,626,1578
b14oo,oo,b,179,212,494,1245
b15oo,oo,b,329,291,570,1423
b16oo,oo,b,261,202,615,1397
b17oo,oo,b,247,263,508,1245
b18oo,oo,b,189,236,563,1585
b19oo,oo,b,294,252,578,1574
b21oo,oo,b,270,221,531,1540
b22oo,oo,b,232,237,627,1703
b23oo,oo,b,206,277,561,1627
b24oo,oo,b,169,237,493,1248
b25oo,oo,b,254,238,512,1260
b26oo,oo,b,303,227,546,1254
b27oo,oo,b,174,211,622,1417
b28oo,oo,b,213,239,492,1200
b29oo,oo,b,221,233,684,1623
g01oo,oo,g,224,243,499,1440
g02oo,oo,g,206,228,639,1518
g04oo,oo,g,367,271,564,1613
g05oo,oo,g,375,225,504,1440
g06oo,oo,g,234,254,545,1307
g07oo,oo,g,186,249,507,1720
g08oo,oo,g,292,271,585,1636
g09oo,oo,g,284,294,595,1737
g10oo,oo,g,268,229,667,1446
g11oo,oo,g,310,219,627,1515
g12oo,oo,g,214,259,571,1819
g13oo,oo,g,269,279,563,1577
g14oo,oo,g,314,245,498,1491
g15oo,oo,g,298,233,597,1599
g17oo,oo,g,188,236,643,1860
g18oo,oo,g,211,217,556,1558
g19oo,oo,g,155,237,682,1571
g20oo,oo,g,241,239,512,1644
g21oo,oo,g,179,243,575,1580
m01uh,uh,m,292,171,670,1178
m02uh,uh,m,173,105,642,998
m03uh,uh,m,297,96,622,1075
m04uh,uh,m,211,131,650,1036
m06uh,uh,m,169,117,629,1146
m07uh,uh,m,185,90,651,1176
m08uh,uh,m,242,132,626,1159
m09uh,uh,m,203,121,602,1336
m10uh,uh,m,183,157,658,1410
m11uh,uh,m,295,155,619,1241
m13uh,uh,m,172,107,636,1153
m14uh,uh,m,227,105,631,1133
m16uh,uh,m,146,147,573,1152
m17uh,uh,m,176,152,663,1166
m18uh,uh,m,193,147,610,1168
m19uh,uh,m,183,154,637,1295
m20uh,uh,m,189,138,623,1163
m21uh,uh,m,139,120,593,1254
m22uh,uh,m,226,122,622,1155
m23uh,uh,m,202,114,617,1071
m24uh,uh,m,201,130,628,1223
m25uh,uh,m,212,113,601,1214
m26uh,uh,m,230,116,593,1213
m27uh,uh,m,166,105,662,1166
m28uh,uh,m,168,124,682,1192
m29uh,uh,m,145,133,623,1207
m30uh,uh,m,199,96,560,1118
m31uh,uh,m,128,152,622,1285
m32uh,uh,m,143,147,666,1135
m33uh,uh,m,204,136,575,1130
m34uh,uh,m,177,124,583,1187
m35uh,uh,m,219,109,561,1343
m36uh,uh,m,171,118,630,1328
m37uh,uh,m,169,134,596,1053
m38uh,uh,m,155,141,602,1176
m39uh,uh,m,193,149,608,1167
m40uh,uh,m,201,138,612,1317
m41uh,uh,m,181,144,628,1172
m42uh,uh,m,242,128,631,1241
m44uh,uh,m,208,107,650,1154
m45uh,uh,m,194,180,670,1061
m47uh,uh,m,198,124,566,1040
m48uh,uh,m,188,119,600,1182
m49uh,uh,m,166,138,618,1228
m50uh,uh,m,176,119,622,1163
w01uh,uh,w,246,222,803,1501
w02uh,uh,w,345,226,788,1547
w03uh,uh,w,206,182,789,1291
w04uh,uh,w,331,216,731,1552
w05uh,uh,w,290,224,693,1381
w06uh,uh,w,233,226,795,1362
w07uh,uh,w,209,189,854,1401
w08uh,uh,w,207,243,716,1634
w09uh,uh,w,193,236,809,1391
w10uh,uh,w,256,217,680,1499
w11uh,uh,w,266,205,773,1614
w12uh,uh,w,248,241,817,1604
w13uh,uh,w,221,235,739,1320
w14uh,uh,w,206,220,742,1352
w15uh,uh,w,288,226,700,1338
w16uh,uh,w,250,198,824,1459
w17uh,uh,w,183,212,705,1166
w19uh,uh,w,286,235,839,1555
w20uh,uh,w,249,216,642,1338
w21uh,uh,w,330,221,701,1318
w22uh,uh,w,209,188,777,1397
w23uh,uh,w,220,211,686,1477
w24uh,uh,w,250,239,769,1382
w25uh,uh,w,309,217,815,1427
w26uh,uh,w,187,195,678,1397
w27uh,uh,w,195,244,823,1419
w28uh,uh,w,194,231,700,1580
w29uh,uh,w,200,307,885,1580
w30uh,uh,w,208,235,835,1507
w31uh,uh,w,199,216,756,1531
w32uh,uh,w,224,209,685,1100
w33uh,uh,w,193,244,828,1454
w34uh,uh,w,164,222,764,1359
w35uh,uh,w,215,207,729,1435
w36uh,uh,w,365,206,761,1380
w37uh,uh,w,325,206,809,1468
w38uh,uh,w,214,228,818,1516
w39uh,uh,w,233,198,710,1293
w40uh,uh,w,233,194,755,1427
w41uh,uh,w,201,215,827,1416
w42uh,uh,w,156,236,736,1300
w44uh,uh,w,251,214,678,1229
w45uh,uh,w,274,199,780,1380
w46uh,uh,w,200,155,693,1277
w47uh,uh,w,206,213,712,1499
w48uh,uh,w,208,236,733,1378
w49uh,uh,w,215,220,796,1271
w50uh,uh,w,262,213,811,1450
b01uh,uh,b,205,237,632,1573
b02uh,uh,b,161,269,731,1550
b03uh,uh,b,226,210,823,1655
b04uh,uh,b,293,241,756,1672
b05uh,uh,b,150,217,637,1424
b07uh,uh,b,310,289,822,1489
b08uh,uh,b,242,201,667,1442
b09uh,uh,b,228,233,695,1423
b10uh,uh,b,248,203,612,1432
b11uh,uh,b,266,213,699,1454
b12uh,uh,b,298,254,762,1721
b13uh,uh,b,250,211,639,1454
b14uh,uh,b,215,210,697,1305
b15uh,uh,b,307,280,654,0
b16uh,uh,b,300,183,739,1411
b17uh,uh,b,239,257,696,1297
b18uh,uh,b,233,266,780,1428
b19uh,uh,b,241,235,754,1742
b21uh,uh,b,254,212,632,1352
b22uh,uh,b,296,255,746,1552
b23uh,uh,b,219,282,863,1566
b24uh,uh,b,158,213,685,1485
b25uh,uh,b,223,220,688,1251
b26uh,uh,b,292,216,670,1538
b27uh,uh,b,172,214,763,1522
b28uh,uh,b,212,206,667,1400
b29uh,uh,b,243,234,778,1422
g01uh,uh,g,200,247,740,1502
g02uh,uh,g,215,220,882,1623
g04uh,uh,g,275,268,784,1614
g05uh,uh,g,290,225,897,1494
g06uh,uh,g,218,238,754,1430
g07uh,uh,g,286,234,620,1579
g08uh,uh,g,303,242,695,1832
g09uh,uh,g,248,262,756,1579
g10uh,uh,g,222,229,880,1680
g11uh,uh,g,227,226,701,1563
g12uh,uh,g,226,248,796,1669
g13uh,uh,g,232,229,738,1626
g14uh,uh,g,259,208,633,1454
g15uh,uh,g,302,247,684,1732
g17uh,uh,g,215,256,782,1622
g18uh,uh,g,226,207,744,1854
g19uh,uh,g,184,227,885,1629
g20uh,uh,g,210,248,1045,1609
g21uh,uh,g,177,229,646,1578
m01uw,uw,m,281,184,374,931
m02uw,uw,m,257,114,319,938
m03uw,uw,m,420,101,360,953
m04uw,uw,m,288,144,422,1299
m06uw,uw,m,231,120,366,919
m07uw,uw,m,231,113,326,997
m08uw,uw,m,239,126,382,1058
m09uw,uw,m,296,136,384,1234
m10uw,uw,m,237,156,338,1087
m11uw,uw,m,327,161,319,936
m13uw,uw,m,240,116,371,793
m14uw,uw,m,260,115,379,1123
m16uw,uw,m,183,148,382,994
m17uw,uw,m,210,174,339,860
m18uw,uw,m,264,147,415,1016
m19uw,uw,m,226,165,455,1181
m20uw,uw,m,284,156,370,889
m21uw,uw,m,196,116,372,1010
m22uw,uw,m,275,128,387,1123
m23uw,uw,m,230,132,389,959
m24uw,uw,m,239,147,435,1137
m25uw,uw,m,204,123,372,972
m26uw,uw,m,225,123,374,921
m27uw,uw,m,207,123,371,950
m28uw,uw,m,197,189,377,888
m29uw,uw,m,185,143,401,980
m30uw,uw,m,288,105,313,861
m31uw,uw,m,171,199,379,982
m32uw,uw,m,185,165,402,809
m33uw,uw,m,241,160,373,931
m34uw,uw,m,244,131,377,1008
m35uw,uw,m,254,114,357,1130
m36uw,uw,m,265,124,388,982
m37uw,uw,m,193,143,409,846
m38uw,uw,m,195,153,377,1063
m39uw,uw,m,250,192,387,967
m40uw,uw,m,205,151,316,893
m41uw,uw,m,200,154,437,1085
m42uw,uw,m,256,154,435,1070
m44uw,uw,m,219,113,365,999
m45uw,uw,m,245,224,437,871
m47uw,uw,m,250,147,413,1193
m48uw,uw,m,212,132,378,893
m49uw,uw,m,125,171,374,887
m50uw,uw,m,222,130,389,1033
w01uw,uw,w,281,260,503,1068
w02uw,uw,w,409,218,435,1384
w03uw,uw,w,271,211,431,788
w04uw,uw,w,430,216,436,1415
w05uw,uw,w,328,223,455,994
w06uw,uw,w,311,219,437,1113
w07uw,uw,w,384,211,384,1084
w08uw,uw,w,287,258,503,1514
w09uw,uw,w,265,265,504,1096
w10uw,uw,w,351,238,473,1113
w11uw,uw,w,377,232,461,1627
w12uw,uw,w,300,242,477,998
w13uw,uw,w,298,231,445,1136
w14uw,uw,w,241,239,483,1117
w15uw,uw,w,298,262,466,778
w16uw,uw,w,268,225,440,1122
w17uw,uw,w,266,216,436,911
w19uw,uw,w,293,257,506,1030
w20uw,uw,w,283,171,360,1034
w21uw,uw,w,378,247,491,1260
w22uw,uw,w,310,199,391,971
w23uw,uw,w,363,210,431,1003
w24uw,uw,w,327,268,525,1065
w25uw,uw,w,382,226,448,1369
w26uw,uw,w,333,230,445,881
w27uw,uw,w,234,256,503,963
w28uw,uw,w,182,261,508,1001
w29uw,uw,w,274,297,510,917
w30uw,uw,w,274,268,502,1050
w31uw,uw,w,277,237,488,1119
w32uw,uw,w,242,238,477,1184
w33uw,uw,w,291,272,504,1068
w34uw,uw,w,244,242,483,938
w35uw,uw,w,294,232,448,1463
w36uw,uw,w,405,219,438,1711
w37uw,uw,w,406,220,437,1178
w38uw,uw,w,277,260,504,1041
w39uw,uw,w,266,215,429,827
w40uw,uw,w,296,223,438,1078
w41uw,uw,w,235,237,450,916
w42uw,uw,w,272,255,474,974
w44uw,uw,w,346,254,430,954
w45uw,uw,w,340,204,415,1001
w46uw,uw,w,302,166,362,1351
w47uw,uw,w,272,238,482,987
w48uw,uw,w,265,234,458,1163
w49uw,uw,w,248,240,467,993
w50uw,uw,w,308,265,491,1317
b01uw,uw,b,253,246,502,1540
b02uw,uw,b,327,287,559,1312
b03uw,uw,b,304,194,506,2378
b04uw,uw,b,292,258,503,1104
b05uw,uw,b,260,240,481,1226
b07uw,uw,b,303,330,609,1658
b08uw,uw,b,262,228,440,1124
b09uw,uw,b,211,255,503,1119
b10uw,uw,b,275,215,463,1676
b11uw,uw,b,246,197,430,1448
b12uw,uw,b,313,258,503,1255
b13uw,uw,b,233,209,435,1312
b14uw,uw,b,263,206,418,940
b15uw,uw,b,324,282,548,1123
b16uw,uw,b,274,241,491,1467
b17uw,uw,b,228,262,505,1296
b18uw,uw,b,269,278,548,1377
b19uw,uw,b,270,281,550,1114
b21uw,uw,b,320,260,504,997
b22uw,uw,b,243,256,504,1515
b23uw,uw,b,251,283,557,0
b24uw,uw,b,214,221,438,1336
b25uw,uw,b,286,219,436,1170
b26uw,uw,b,320,235,449,916
b27uw,uw,b,233,254,495,1283
b28uw,uw,b,255,216,434,1297
b29uw,uw,b,302,249,498,1509
g01uw,uw,g,327,251,500,1724
g02uw,uw,g,236,188,435,1059
g04uw,uw,g,300,288,556,1736
g05uw,uw,g,378,219,437,1733
g06uw,uw,g,246,256,480,1011
g07uw,uw,g,367,255,503,821
g08uw,uw,g,315,271,540,1653
g09uw,uw,g,307,303,568,1508
g10uw,uw,g,318,216,460,1422
g11uw,uw,g,324,238,460,1291
g12uw,uw,g,273,276,540,1998
g13uw,uw,g,286,273,527,1407
g14uw,uw,g,304,239,486,968
g15uw,uw,g,368,244,496,1739
g17uw,uw,g,245,236,490,2179
g18uw,uw,g,315,214,435,1829
g19uw,uw,g,192,243,497,1334
g20uw,uw,g,248,248,498,1740
g21uw,uw,g,227,225,446,1533
