"Item.","Property","Familiarity","HapticStrengthMean","AuditoryStrengthMean","OlfactoryStrengthMean","GustatoryStrengthMean","HapticStrengthSD","AuditoryStrengthSD","OlfactoryStrengthSD","GustatoryStrengthSD","DominantModality","ModalityExclusivity","BNCFrequency","BNCLogFrequency","OrthographicLength"
1,"abrasive",0.904761904761905,3.68421052631579,1.68421052631579,0.578947368421053,0.578947368421053,1.33552451531005,1.33552451531005,0.901590537370498,0.901590537370498,"Haptic",0.329608938547486,2,1.09861228866811,8
3,"aching",1,3.66666666666667,0.666666666666667,0.095238095238095,0.047619047619048,1.71269767715535,1.19721899973786,0.436435780471985,0.218217890235992,"Haptic",0.554744525547445,5,1.79175946922806,6
4,"acidic",1,1.14285714285714,0.476190476190476,2.9047619047619,4.19047619047619,1.76877681706071,0.872871560943969,1.57812426331902,1.24976188208185,"Gustatory",0.34061135371179,2,1.09861228866811,6
5,"acrid",0.380952380952381,0.625,0.375,3.5,3,1.40788595317336,1.06066017177982,1.69030850945703,1.69030850945703,"Olfactory",0.36231884057971,1,0.693147180559945,5
6,"adhesive",1,4.33333333333333,1.19047619047619,1.76190476190476,0.904761904761905,0.966091783079296,1.66189793967763,1.60949563232591,1.4108423691101,"Haptic",0.289156626506024,3,1.38629436111989,8
7,"alcoholic",0.952380952380952,0.35,0.75,4.3,4.35,0.812727700887249,1.16415770318919,0.801314709186031,1.38696943388321,"Gustatory",0.317460317460317,8,2.19722457733622,9
11,"antiseptic",1,0.9,0.142857142857143,3.95238095238095,1.76190476190476,1.3337718577107,0.478091443733757,1.32197543381829,1.92106121466136,"Olfactory",0.452232899943471,1,0.693147180559945,10
12,"aromatic",1,0.333333333333333,0.285714285714286,4.52380952380952,3.38095238095238,0.912870929175277,0.717137165600636,1.16700675315302,1.53219419383414,"Olfactory",0.43141056713524,3,1.38629436111989,8
13,"astringent",0.380952380952381,0.5,0.375,1.25,1.75,1.0690449676497,0.744023809142845,1.83225076262581,2.43486579272276,"Gustatory",0.25,0,0,10
14,"audible",1,0.285714285714286,4.95238095238095,0.047619047619048,0.047619047619048,0.560611910581388,0.218217890235994,0.218217890235992,0.218217890235992,"Auditory",0.757352941176471,3,1.38629436111989,7
15,"banging",1,1.33333333333333,4.52380952380952,0.047619047619048,0,1.23827837473378,0.749603069567329,0.218217890235992,0,"Auditory",0.50531914893617,5,1.79175946922806,7
16,"barbecued",1,1.38095238095238,1.57142857142857,4.66666666666667,4.95238095238095,1.46547570693582,1.63007449435382,0.483045891539649,0.218217890235994,"Gustatory",0.207756232686981,0,0,9
17,"barking",1,0.476190476190476,5,0.523809523809524,0.142857142857143,1.03048763306736,0,1.20909253653505,0.478091443733757,"Auditory",0.51,4,1.6094379124341,7
19,"beeping",1,0.142857142857143,4.85714285714286,0.047619047619048,0,0.478091443733757,0.654653670707977,0.218217890235992,0,"Auditory",0.75,0,0,7
20,"beery",0.904761904761905,0.894736842105263,0.631578947368421,3.52631578947368,4.26315789473684,1.19697474409935,1.11607080200484,1.26352333894953,1.09757840839418,"Gustatory",0.291139240506329,0,0,5
24,"biscuity",1,2.23809523809524,0.904761904761905,3,4.95238095238095,1.4108423691101,1.17918454470714,1.6431676725155,0.218217890235994,"Gustatory",0.277777777777778,0,0,8
25,"bitter",1,0.095238095238095,0.19047619047619,2.9047619047619,4.90476190476191,0.436435780471985,0.601585207518238,1.57812426331902,0.300792603759118,"Gustatory",0.537234042553192,25,3.25809653802148,6
27,"bland",1,0.428571428571429,0.80952380952381,3.61904761904762,4.80952380952381,0.925820099772551,1.56904581255767,1.32197543381829,0.511766315719159,"Gustatory",0.37246963562753,4,1.6094379124341,5
28,"blaring",0.952380952380952,0.45,4.5,0.2,0.2,0.825577947481897,0.888523316638639,0.695852373938459,0.695852373938459,"Auditory",0.646616541353383,1,0.693147180559945,7
29,"bleeping",1,0.19047619047619,4.95238095238095,0.142857142857143,0.095238095238095,0.511766315719159,0.218217890235994,0.654653670707977,0.436435780471985,"Auditory",0.689189189189189,0,0,8
34,"blunt",1,4.71428571428571,0.904761904761905,0.19047619047619,0.25,0.643650304346789,1.26114082896249,0.872871560943969,0.550119604220181,"Haptic",0.425531914893617,5,1.79175946922806,5
36,"booming",1,0.952380952380952,4.57142857142857,0.095238095238095,0.095238095238095,1.20317041503648,0.810643483377778,0.300792603759119,0.436435780471985,"Auditory",0.573170731707317,3,1.38629436111989,7
37,"bouncy",1,3.66666666666667,2,0,0,1.55991452757301,1.61245154965971,0,0,"Haptic",0.396907216494845,1,0.693147180559945,6
38,"brackish",0.095238095238095,3,1.5,2,1.5,1.4142135623731,2.12132034355964,2.82842712474619,2.12132034355964,"Haptic",0.15,1,0.693147180559945,8
44,"briny",0.619047619047619,1.53846153846154,0.846153846153846,2.15384615384615,3.23076923076923,1.7134460703207,1.2810252304407,1.90814717488606,1.92153784566105,"Gustatory",0.24031007751938,0,0,5
45,"bristly",0.952380952380952,4.65,1.95,0.2,1.05,1.13670808176853,1.50350467767462,0.695852373938459,1.46808145478878,"Haptic",0.366255144032922,0,0,7
46,"brittle",1,3.95238095238095,1.52380952380952,0.047619047619048,0.380952380952381,1.16086995293144,1.40068010691405,0.218217890235992,0.973457265430305,"Haptic",0.418367346938776,5,1.79175946922806,7
53,"bumpy",1,4.47619047619048,1.23809523809524,0.047619047619048,0.65,0.813575295780767,1.44584791402007,0.218217890235992,1.18210338847862,"Haptic",0.421481985044188,2,1.09861228866811,5
54,"burning",1,3.61904761904762,1.71428571428571,4.42857142857143,2.52380952380952,1.65759435557046,1.70712791386167,0.978336781043654,2.01541677126711,"Olfactory",0.166180758017493,28,3.36729582998647,7
55,"burnt",1,2.38095238095238,0.476190476190476,4.57142857142857,4.04761904761905,1.74574312188794,1.12334534400814,0.597614304667198,0.920662287496913,"Olfactory",0.261398176291793,13,2.63905732961526,5
57,"buttery",1,1.80952380952381,0.095238095238095,3.19047619047619,4.90476190476191,1.32736760616822,0.300792603759119,1.12334534400814,0.300792603759118,"Gustatory",0.367272727272727,0,0,7
58,"buzzing",1,1.71428571428571,4.71428571428571,0.047619047619048,0.142857142857143,1.58564993434418,0.783763812819726,0.218217890235992,0.478091443733757,"Auditory",0.553672316384181,3,1.38629436111989,7
59,"caramelised",1,1.42857142857143,0.285714285714286,3.9047619047619,4.38095238095238,1.46872150428284,0.560611910581388,1.22085060121056,1.20317041503648,"Gustatory",0.302816901408451,0,0,11
61,"cheesy",1,0.476190476190476,0.666666666666667,4.19047619047619,4.71428571428571,0.980767435177556,1.31656117720877,1.07791686224159,0.560611910581388,"Gustatory",0.323636363636364,0,0,6
63,"chewy",1,2.04761904761905,1.33333333333333,0.619047619047619,4.47619047619048,1.80211515936664,1.39044357430761,1.07126982951031,1.40068010691405,"Gustatory",0.349137931034483,0,0,5
64,"chilly",1,4.19047619047619,0.666666666666667,0.571428571428571,1.28571428571429,1.16700675315302,1.31656117720877,1.02817452659695,1.90112748501665,"Haptic",0.374384236453202,4,1.6094379124341,6
65,"chocolatey",1,1,0.333333333333333,4.52380952380952,4.95238095238095,1.26491106406735,1.06458129484475,0.749603069567329,0.218217890235994,"Gustatory",0.307936507936508,0,0,9
68,"citrusy",1,0.571428571428571,0.047619047619048,3.95238095238095,5,0.978336781043653,0.218217890235992,0.804747816162957,0,"Gustatory",0.407843137254902,0,0,7
69,"clammy",0.952380952380952,4.35,0.4,1.45,0.6,1.38696943388321,0.820782681668123,1.73129096949433,1.14248114115496,"Haptic",0.413612565445026,1,0.693147180559945,6
70,"clamorous",0.380952380952381,2.875,2.375,0.875,0.125,2.16712449375401,2.32609421256197,1.35620268186054,0.353553390593274,"Haptic",0.323529411764706,0,0,9
74,"cloying",0.142857142857143,1.75,0.333333333333333,2.33333333333333,3.33333333333333,2.06155281280883,0.577350269189626,2.51661147842358,2.88675134594813,"Gustatory",0.31858407079646,1,0.693147180559945,7
75,"coconutty",1,1.52380952380952,0.19047619047619,3.61904761904762,4.66666666666667,1.4359334113756,0.679635756787974,1.53219419383414,0.795822425754222,"Gustatory",0.328671328671329,0,0,9
76,"cold",1,4.66666666666667,0.761904761904762,0.952380952380952,2.38095238095238,0.658280588604384,1.17918454470714,1.39557122627942,1.80211515936664,"Haptic",0.336065573770492,122,4.81218435537242,4
82,"cooing",0.904761904761905,0.105263157894737,4.84210526315789,0,0,0.458831467741124,0.50145985712128,0,0,"Auditory",0.681481481481481,0,0,6
83,"cool",1,4.33333333333333,0.380952380952381,0.285714285714286,1.85714285714286,0.856348838577676,0.804747816162957,0.560611910581388,1.59014824106793,"Haptic",0.435897435897436,40,3.71357206670431,4
84,"crackling",1,1.38095238095238,4.28571428571429,0.904761904761905,1.33333333333333,1.28359613882991,0.956182887467515,0.995226703056239,1.52752523165195,"Auditory",0.315555555555556,2,1.09861228866811,9
87,"creaking",1,1.14285714285714,4.47619047619048,0,0,1.31475147026783,0.813575295780767,0,0,"Auditory",0.583850931677019,2,1.09861228866811,8
88,"creamy",1,2.76190476190476,0.19047619047619,2.38095238095238,4.47619047619048,1.75797502555531,0.511766315719159,1.85677652064513,1.20909253653505,"Gustatory",0.314685314685315,4,1.6094379124341,6
92,"crisp",1,3.38095238095238,2.04761904761905,1.14285714285714,2.66666666666667,1.20317041503648,1.8835124230063,1.27615493909299,1.59164485150844,"Haptic",0.181467181467181,8,2.19722457733622,5
95,"crunching",1,2.14285714285714,3.71428571428571,0.428571428571429,3.04761904761905,1.55838744494796,1.10194633003868,1.07570574840095,1.53219419383414,"Auditory",0.286307053941909,1,0.693147180559945,9
96,"crying",1,1.23809523809524,4.47619047619048,0.047619047619048,0.142857142857143,1.75797502555531,0.749603069567329,0.218217890235992,0.478091443733757,"Auditory",0.428571428571429,20,3.04452243772342,6
100,"damp",1,4.14285714285714,0.380952380952381,3.14285714285714,0.380952380952381,0.963624111659431,0.864649667564296,1.52596573636875,0.804747816162957,"Haptic",0.317269076305221,20,3.04452243772342,4
106,"deafening",1,0.19047619047619,5,0,0.047619047619048,0.679635756787974,0,0,0.218217890235992,"Auditory",0.772058823529412,2,1.09861228866811,9
108,"delicious",1,1.33333333333333,1.33333333333333,4.19047619047619,4.71428571428571,1.77012240631357,2.00831604418561,1.16700675315302,0.643650304346789,"Gustatory",0.226114649681529,11,2.484906649788,9
113,"dry",1,4.28571428571429,0.333333333333333,0.428571428571429,2.52380952380952,1.0555973258235,0.912870929175277,0.676123403782813,1.88730091980711,"Haptic",0.354700854700855,66,4.20469261939097,3
117,"echoing",1,0.333333333333333,4.71428571428571,0,0,0.795822425754221,0.717137165600636,0,0,"Auditory",0.846153846153846,4,1.6094379124341,7
118,"eggy",1,1.04761904761905,0.142857142857143,4.33333333333333,4.38095238095238,1.11696868694653,0.358568582800318,0.966091783079296,1.02353263143832,"Gustatory",0.332089552238806,0,0,4
119,"elastic",1,4.57142857142857,1.95238095238095,0.666666666666667,0.619047619047619,0.597614304667198,1.46547570693582,1.35400640077266,1.28359613882991,"Haptic",0.34016393442623,5,1.79175946922806,7
126,"fatty",1,1.85714285714286,0.333333333333333,1.71428571428571,4.38095238095238,1.45896244933563,0.912870929175277,1.45405835999994,1.11696868694653,"Gustatory",0.338645418326693,6,1.94591014905531,5
127,"feverish",0.952380952380952,3.19047619047619,0.666666666666667,0.285714285714286,0.238095238095238,1.60059512741504,0.966091783079296,0.902377811277357,0.889087279447969,"Haptic",0.407894736842105,2,1.09861228866811,8
129,"fishy",1,0.952380952380952,0.285714285714286,4.57142857142857,4.47619047619048,1.62715059156153,0.783763812819726,0.810643483377778,0.980767435177556,"Olfactory",0.313588850174216,1,0.693147180559945,5
130,"flaky",1,3.95238095238095,1.19047619047619,0.333333333333333,1.71428571428571,1.07126982951031,1.07791686224159,0.658280588604383,1.55379719213471,"Haptic",0.330434782608696,0,0,5
132,"flavoursome",1,0.428571428571429,0.19047619047619,4.23809523809524,4.85714285714286,0.870139561876632,0.511766315719159,0.995226703056238,0.358568582800317,"Gustatory",0.401639344262295,0,0,11
138,"fluffy",1,4.57142857142857,0.333333333333333,0.333333333333333,1.0952380952381,0.74642002729218,0.730296743340221,1.06458129484475,1.4108423691101,"Haptic",0.408256880733945,2,1.09861228866811,6
140,"foetid",0.095238095238095,1.25,0,2.25,2.25,1.89296944860009,0,2.62995563967658,2.62995563967658,"Olfactory",0.28125,0,0,6
143,"fragrant",1,0.238095238095238,0.238095238095238,5,2.76190476190476,0.624880941040924,0.538958431120797,0,1.44584791402007,"Olfactory",0.518134715025907,3,1.38629436111989,8
144,"freezing",1,4.76190476190476,0.666666666666667,0.619047619047619,2.0952380952381,0.624880941040923,1.01653004546513,1.02353263143832,2.04706526287664,"Haptic",0.34251968503937,10,2.39789527279837,8
145,"fresh",1,2.42857142857143,1,4.52380952380952,4.09523809523809,1.7768350675127,1.51657508881031,0.601585207518238,1.4108423691101,"Olfactory",0.220238095238095,68,4.23410650459726,5
147,"fruity",1,0.904761904761905,0.238095238095238,4.42857142857143,4.76190476190476,1.22085060121056,0.700340053457026,0.870139561876633,0.624880941040923,"Gustatory",0.333333333333333,2,1.09861228866811,6
149,"gamy",0.666666666666667,2.78571428571429,0.428571428571429,2.07142857142857,2.21428571428571,1.84718377864465,1.08940955880384,1.77435950369468,2.25929095169162,"Haptic",0.229166666666667,0,0,4
150,"garlicky",1,0.142857142857143,0.142857142857143,4.42857142857143,4.95238095238095,0.358568582800318,0.358568582800318,0.676123403782814,0.218217890235994,"Gustatory",0.407258064516129,0,0,8
152,"giggling",1,0.571428571428571,4.71428571428571,0,0,1.02817452659695,0.717137165600636,0,0,"Auditory",0.510309278350516,2,1.09861228866811,8
161,"gooey",1,4.66666666666667,1.57142857142857,0.714285714285714,2.61904761904762,0.730296743340222,1.59910689359494,1.23056316956332,1.93587681623058,"Haptic",0.286206896551724,0,0,5
163,"grainy",1,4.19047619047619,1.23809523809524,0.476190476190476,2.33333333333333,1.07791686224159,1.26114082896249,0.980767435177556,1.71269767715535,"Haptic",0.318367346938775,0,0,6
165,"greasy",1,3.95238095238095,0.19047619047619,2.33333333333333,3.80952380952381,1.16086995293144,0.511766315719159,1.77012240631357,1.24976188208185,"Haptic",0.267796610169492,4,1.6094379124341,6
168,"gritty",1,4.33333333333333,1.85714285714286,0.19047619047619,1.85714285714286,0.856348838577676,1.52596573636875,0.402373908081478,1.65183880223569,"Haptic",0.353658536585366,2,1.09861228866811,6
169,"groaning",1,0.142857142857143,4.47619047619048,0.047619047619048,0,0.358568582800318,0.87287156094397,0.218217890235992,0,"Auditory",0.657342657342657,2,1.09861228866811,8
171,"growling",1,0.19047619047619,4.61904761904762,0.19047619047619,0.095238095238095,0.511766315719159,0.740012869900955,0.511766315719159,0.300792603759119,"Auditory",0.555555555555556,1,0.693147180559945,8
173,"gurgling",1,0.714285714285714,4.38095238095238,0.523809523809524,0.476190476190476,1.30930734141595,0.864649667564296,1.07791686224159,1.12334534400814,"Auditory",0.418367346938776,1,0.693147180559945,8
177,"hard",1,4.71428571428571,1.28571428571429,0.095238095238095,1,0.462910049886275,1.55379719213471,0.300792603759119,1.22474487139159,"Haptic",0.41991341991342,228,5.43372200355424,4
178,"harsh",1,2.52380952380952,3.33333333333333,1.80952380952381,2.28571428571429,1.40068010691405,1.59164485150844,1.86061945649957,1.67758329578168,"Auditory",0.115942028985507,15,2.77258872223978,5
180,"heavy",1,3.9047619047619,1.71428571428571,0.238095238095238,0.571428571428571,1.67047184665776,1.79284291400159,0.768424485864545,1.32557265253281,"Haptic",0.368421052631579,94,4.55387689160054,5
181,"herby",1,0.761904761904762,0.047619047619048,4.14285714285714,4.80952380952381,1.17918454470714,0.218217890235992,0.792824967172091,0.402373908081478,"Gustatory",0.378787878787879,0,0,5
183,"hissing",1,0.333333333333333,4.52380952380952,0.047619047619048,0.047619047619048,0.795822425754221,0.928388260322567,0.218217890235992,0.218217890235992,"Auditory",0.635135135135135,2,1.09861228866811,7
184,"hoarse",0.952380952380952,1.45,3.9,0.15,0.35,1.57195821559574,1.74416319854476,0.489360484929593,0.988086934168084,"Auditory",0.506756756756757,2,1.09861228866811,6
186,"honeyed",1,1.33333333333333,0.333333333333333,3.57142857142857,4.09523809523809,1.39044357430761,0.795822425754221,1.32557265253281,1.37494588638106,"Gustatory",0.303846153846154,0,0,7
187,"hot",1,4.85714285714286,1.04761904761905,1.66666666666667,4.42857142857143,0.358568582800317,1.39557122627942,2.08166599946613,1.39897921969658,"Haptic",0.248447204968944,91,4.52178857704904,3
188,"howling",1,0.142857142857143,4.95238095238095,0.142857142857143,0.142857142857143,0.654653670707977,0.218217890235994,0.654653670707977,0.654653670707977,"Auditory",0.587209302325581,3,1.38629436111989,7
190,"humid",1,3.28571428571429,0.238095238095238,1.42857142857143,0.476190476190476,1.41925533794512,0.538958431120797,1.28730060869358,0.980767435177556,"Haptic",0.423841059602649,2,1.09861228866811,5
191,"hushed",1,0.142857142857143,4.38095238095238,0.047619047619048,0,0.358568582800318,0.864649667564296,0.218217890235992,0,"Auditory",0.686567164179104,2,1.09861228866811,6
192,"husky",1,0.571428571428571,4.61904761904762,0.714285714285714,0.333333333333333,1.12122382116278,0.804747816162957,1.30930734141595,0.912870929175277,"Auditory",0.569620253164557,2,1.09861228866811,5
196,"itchy",1,4.80952380952381,1.28571428571429,0.285714285714286,0.333333333333333,0.511766315719159,1.38357714432037,0.560611910581388,0.577350269189626,"Haptic",0.458937198067633,1,0.693147180559945,5
197,"jagged",1,4.76190476190476,0.619047619047619,0.238095238095238,0.476190476190476,0.436435780471984,1.07126982951031,0.768424485864545,0.928388260322567,"Haptic",0.418502202643172,3,1.38629436111989,6
198,"jammy",1,1.52380952380952,0.238095238095238,2.47619047619048,4.71428571428571,1.56904581255767,0.768424485864545,1.60059512741504,0.717137165600636,"Gustatory",0.364341085271318,0,0,5
199,"jingling",0.952380952380952,1.1,4.95,0.15,0.15,1.25236618152662,0.223606797749978,0.670820393249937,0.670820393249937,"Auditory",0.516129032258065,0,0,8
200,"juicy",1,2.19047619047619,1.42857142857143,2.80952380952381,4.85714285714286,1.66189793967763,1.80475562255472,1.77817455889594,0.358568582800317,"Gustatory",0.230031948881789,2,1.09861228866811,5
203,"laughing",1,0.55,4.71428571428571,0.047619047619048,0.047619047619048,1.09904264559757,0.462910049886275,0.218217890235992,0.218217890235992,"Auditory",0.481454188160157,26,3.29583686600433,8
204,"leathery",1,4.57142857142857,0.523809523809524,2.85714285714286,0.380952380952381,0.507092552837111,1.20909253653505,1.35224680756563,0.920662287496912,"Haptic",0.33587786259542,1,0.693147180559945,8
205,"lemony",1,0.714285714285714,0,3.71428571428571,4.95238095238095,0.956182887467515,0,1.00711752754369,0.218217890235994,"Gustatory",0.403100775193798,0,0,6
212,"loud",1,0.238095238095238,4.95238095238095,0.095238095238095,0.238095238095238,0.538958431120797,0.218217890235994,0.436435780471985,0.768424485864545,"Auditory",0.684563758389262,25,3.25809653802148,4
214,"lukewarm",1,4.71428571428571,0.238095238095238,0.714285714285714,2.57142857142857,0.717137165600636,0.889087279447969,1.34695423615122,2.06328448284352,"Haptic",0.5,2,1.09861228866811,8
215,"lumpy",1,4.47619047619048,0.714285714285714,0.285714285714286,2.52380952380952,0.87287156094397,1.10194633003868,0.783763812819726,2.20497273495723,"Haptic",0.337164750957854,2,1.09861228866811,5
217,"malty",0.904761904761905,0.789473684210526,0,2.73684210526316,3.84210526315789,1.27274625944674,0,1.59311383645565,1.46299380627294,"Gustatory",0.417142857142857,0,0,5
218,"meaty",1,1.61904761904762,0.095238095238095,3.28571428571429,4.80952380952381,1.53219419383414,0.300792603759119,1.0555973258235,0.402373908081478,"Gustatory",0.347368421052632,1,0.693147180559945,5
221,"melodious",0.904761904761905,0.526315789473684,4.84210526315789,0.368421052631579,0.368421052631579,1.12390297389803,0.50145985712128,1.11607080200484,1.11607080200484,"Auditory",0.643939393939394,0,0,9
223,"meowing",1,0.19047619047619,4.95238095238095,0.380952380952381,0.095238095238095,0.511766315719159,0.218217890235994,0.740012869900955,0.436435780471985,"Auditory",0.593023255813953,0,0,7
225,"mild",1,1.38095238095238,1.76190476190476,2.61904761904762,3.61904761904762,1.85677652064513,1.78619041271534,1.8835124230063,1.53219419383414,"Gustatory",0.193415637860082,16,2.83321334405622,4
227,"minty",1,0.142857142857143,0,3.95238095238095,4.95238095238095,0.358568582800318,0,0.973457265430305,0.218217890235994,"Gustatory",0.460176991150442,0,0,5
229,"moaning",1,0.19047619047619,4.95238095238095,0.142857142857143,0.142857142857143,0.679635756787974,0.218217890235994,0.654653670707977,0.654653670707977,"Auditory",0.570621468926554,4,1.6094379124341,7
230,"moist",1,4.38095238095238,1.42857142857143,1.71428571428571,2.85714285714286,0.864649667564296,1.43427433120127,1.41925533794512,1.45896244933563,"Haptic",0.210169491525424,6,1.94591014905531,5
235,"muffled",1,0.428571428571429,4.47619047619048,0.333333333333333,0.333333333333333,0.870139561876632,1.07791686224159,1.11055541659718,0.966091783079296,"Auditory",0.595890410958904,4,1.6094379124341,7
237,"mumbling",1,0.238095238095238,4.90476190476191,0.142857142857143,0.095238095238095,0.538958431120797,0.300792603759118,0.654653670707977,0.436435780471985,"Auditory",0.660130718954248,1,0.693147180559945,8
239,"murmuring",1,0.238095238095238,4.85714285714286,0.142857142857143,0.095238095238095,0.538958431120797,0.478091443733757,0.478091443733757,0.436435780471985,"Auditory",0.632911392405063,2,1.09861228866811,9
240,"mushroomy",1,1.76190476190476,0.047619047619048,3,4.76190476190476,1.60949563232591,0.218217890235992,1.4142135623731,0.538958431120796,"Gustatory",0.351063829787234,0,0,9
241,"mushy",1,4.42857142857143,1.9047619047619,0.523809523809524,3.23809523809524,1.20712172424444,1.51343192462568,0.928388260322567,1.97242900771515,"Haptic",0.279863481228669,1,0.693147180559945,5
242,"musky",0.904761904761905,0.157894736842105,0.368421052631579,4.26315789473684,2.05263157894737,0.374634324632678,0.83069758608784,1.40799720892865,1.54465689144247,"Olfactory",0.467065868263473,0,0,5
243,"musty",0.904761904761905,0.631578947368421,0.473684210526316,4.31578947368421,1.73684210526316,0.955133865881839,0.904827856717728,1.15723000589758,1.52177182050536,"Olfactory",0.370558375634518,1,0.693147180559945,5
244,"mute",1,0.095238095238095,4.95238095238095,0,0,0.436435780471985,0.218217890235994,0,0,"Auditory",0.753623188405797,2,1.09861228866811,4
245,"muttering",1,0.19047619047619,4.80952380952381,0.142857142857143,0.095238095238095,0.511766315719159,0.511766315719159,0.478091443733757,0.436435780471985,"Auditory",0.6,4,1.6094379124341,9
247,"noisy",1,0.285714285714286,4.95238095238095,0.047619047619048,0.047619047619048,0.902377811277357,0.218217890235994,0.218217890235992,0.218217890235992,"Auditory",0.700680272108844,10,2.39789527279837,5
248,"noxious",0.523809523809524,0.272727272727273,0.818181818181818,3.1,2.18181818181818,0.646669790682863,1.16774841624228,2.23358207570013,1.88775961489708,"Olfactory",0.320288362512873,2,1.09861228866811,7
249,"nutty",1,1.47619047619048,0.333333333333333,3,4.95238095238095,1.03048763306736,0.730296743340221,1.22474487139159,0.218217890235994,"Gustatory",0.346428571428571,1,0.693147180559945,5
250,"odorous",1,0.19047619047619,0.285714285714286,4.95238095238095,1.85714285714286,0.601585207518238,0.643650304346789,0.218217890235994,1.45896244933563,"Olfactory",0.564971751412429,1,0.693147180559945,7
252,"oniony",1,1.23809523809524,0.19047619047619,4.52380952380952,4.95238095238095,1.33808676492827,0.679635756787974,0.928388260322567,0.218217890235994,"Gustatory",0.332225913621262,0,0,6
255,"orangey",1,1.57142857142857,0.380952380952381,3.76190476190476,4.33333333333333,1.69030850945703,1.07126982951031,1.44584791402007,1.06458129484475,"Gustatory",0.276666666666667,0,0,7
257,"painful",1,4.61904761904762,3.33333333333333,0.761904761904762,0.80952380952381,0.973457265430305,1.62275485928508,1.4108423691101,1.40068010691405,"Haptic",0.288256227758007,19,2.99573227355399,7
258,"palatable",0.80952380952381,0.764705882352941,0.235294117647059,3.64705882352941,4.82352941176471,0.970142500145332,0.562295714538387,1.27186754767292,0.39295262399669,"Gustatory",0.354545454545454,1,0.693147180559945,9
261,"peachy",1,2.14285714285714,0.047619047619048,3.04761904761905,3.61904761904762,1.93095091304037,0.218217890235992,1.59612626305661,1.53219419383414,"Gustatory",0.295275590551181,0,0,6
262,"peppery",1,0.333333333333333,0.095238095238095,3.52380952380952,4.95238095238095,0.658280588604383,0.436435780471985,1.24976188208185,0.218217890235994,"Gustatory",0.419753086419753,0,0,7
263,"perfumed",1,0.19047619047619,0.095238095238095,4.90476190476191,2.28571428571429,0.601585207518238,0.436435780471985,0.436435780471984,1.45405835999994,"Olfactory",0.604790419161677,1,0.693147180559945,8
269,"popping",1,1.57142857142857,4.19047619047619,0.476190476190476,0.476190476190476,1.32557265253281,1.12334534400814,1.07791686224159,1.07791686224159,"Auditory",0.362790697674419,3,1.38629436111989,7
271,"prickly",1,4.90476190476191,1.19047619047619,0.285714285714286,0.952380952380952,0.300792603759118,1.4359334113756,0.956182887467515,1.11696868694653,"Haptic",0.402489626556017,2,1.09861228866811,7
273,"pulsing",1,4.47619047619048,3.42857142857143,0.19047619047619,0.047619047619048,0.87287156094397,1.46872150428284,0.872871560943969,0.218217890235992,"Haptic",0.36046511627907,1,0.693147180559945,7
274,"pungent",0.904761904761905,0.315789473684211,0.210526315789474,4.84210526315789,2.21052631578947,0.820069887194403,0.535303379031311,0.50145985712128,1.71849247140306,"Olfactory",0.508670520231214,2,1.09861228866811,7
277,"purring",1,0.857142857142857,4.85714285714286,0.095238095238095,0.047619047619048,1.1084094137869,0.358568582800317,0.300792603759119,0.218217890235992,"Auditory",0.594117647058824,0,0,7
278,"putrid",0.904761904761905,0.631578947368421,0.368421052631579,3.89473684210526,3.31578947368421,1.01162829777814,0.683985568056769,1.44893588701445,1.82734268448742,"Olfactory",0.331683168316832,1,0.693147180559945,6
279,"quiet",1,0.095238095238095,4.95238095238095,0.095238095238095,0.047619047619048,0.436435780471985,0.218217890235994,0.300792603759119,0.218217890235992,"Auditory",0.673202614379085,64,4.17438726989564,5
281,"rancid",1,1.57142857142857,0.857142857142857,4.19047619047619,3.23809523809524,1.63007449435382,1.45896244933563,1.24976188208185,1.78619041271534,"Olfactory",0.257352941176471,1,0.693147180559945,6
282,"raspy",0.80952380952381,1.17647058823529,3.64705882352941,0.647058823529412,0.529411764705882,1.50977209031889,1.69341284358644,1.3200935795706,1.00732610526728,"Auditory",0.389705882352941,0,0,5
283,"raucous",0.619047619047619,0.153846153846154,4.53846153846154,0.307692307692308,0.230769230769231,0.554700196225229,1.39136531360295,0.751067616198811,0.599144689515278,"Auditory",0.518181818181818,1,0.693147180559945,7
287,"reeking",0.904761904761905,0.157894736842105,0.105263157894737,4.94736842105263,2.05263157894737,0.501459857121279,0.315301767642306,0.229415733870565,1.74717817607346,"Olfactory",0.560975609756098,0,0,7
288,"resounding",0.857142857142857,0.444444444444444,3.83333333333333,0.055555555555556,0.055555555555556,0.855585263892997,1.54348726628258,0.235702260395516,0.235702260395516,"Auditory",0.607142857142857,2,1.09861228866811,10
289,"reverberating",0.619047619047619,2.30769230769231,3.30769230769231,0,0,2.05688337801861,1.49357598761135,0,0,"Auditory",0.425742574257426,0,0,13
290,"rhythmic",1,1.33333333333333,4.61904761904762,0.095238095238095,0,1.77012240631357,0.669043382464133,0.300792603759119,0,"Auditory",0.541899441340782,5,1.79175946922806,8
291,"ripe",1,3.38095238095238,0.095238095238095,3.66666666666667,4.52380952380952,1.49920613913466,0.300792603759119,1.15470053837925,0.679635756787974,"Gustatory",0.280120481927711,6,1.94591014905531,4
294,"roasted",1,1.76190476190476,1.33333333333333,3.85714285714286,4.42857142857143,1.81396697612613,1.74164673034842,1.27615493909299,0.676123403782814,"Gustatory",0.198776758409786,2,1.09861228866811,7
298,"rough",1,4.90476190476191,2.28571428571429,0.714285714285714,1.61904761904762,0.300792603759118,1.79284291400159,1.45405835999994,1.65759435557046,"Haptic",0.308771929824561,36,3.61091791264422,5
300,"rubbery",1,4.5,1.14285714285714,2.14285714285714,2.14285714285714,0.888523316638639,1.38873014965883,1.79682259240344,1.62128696675556,"Haptic",0.24780316344464,1,0.693147180559945,7
301,"rumbling",1,1.66666666666667,4.23809523809524,0.238095238095238,0.2,1.42594997574716,1.17918454470714,0.700340053457026,0.695852373938459,"Auditory",0.457883369330454,1,0.693147180559945,8
302,"rustling",1,2.52380952380952,4.66666666666667,0.55,0.2,1.72101852456758,0.577350269189627,1.05006265477226,0.523148363780597,"Auditory",0.406500541711809,1,0.693147180559945,8
304,"salty",1,0.666666666666667,0.047619047619048,1.71428571428571,4.80952380952381,1.11055541659718,0.218217890235992,1.10194633003868,0.679635756787974,"Gustatory",0.523560209424084,2,1.09861228866811,5
305,"savoury",1,0.333333333333333,0.19047619047619,3.52380952380952,5,0.795822425754221,0.511766315719159,1.20909253653505,0,"Gustatory",0.410569105691057,1,0.693147180559945,7
306,"scaly",1,4.42857142857143,0.142857142857143,0.095238095238095,1,1.12122382116278,0.358568582800318,0.300792603759119,1.54919333848297,"Haptic",0.433333333333333,1,0.693147180559945,5
307,"scented",1,0.095238095238095,0.047619047619048,4.76190476190476,2.33333333333333,0.436435780471985,0.218217890235992,0.538958431120796,1.68325082306035,"Olfactory",0.572254335260116,3,1.38629436111989,7
308,"scentless",1,0.19047619047619,0.19047619047619,4.42857142857143,2.38095238095238,0.511766315719159,0.511766315719159,1.39897921969658,1.59612626305661,"Olfactory",0.517441860465116,0,0,9
309,"scratchy",1,4.14285714285714,3.28571428571429,0.095238095238095,0.047619047619048,1.27615493909299,1.90112748501665,0.436435780471985,0.218217890235992,"Haptic",0.392694063926941,1,0.693147180559945,8
311,"screaming",1,0.142857142857143,4.95238095238095,0.047619047619048,0.047619047619048,0.358568582800318,0.218217890235994,0.218217890235992,0.218217890235992,"Auditory",0.613095238095238,14,2.70805020110221,9
312,"screeching",1,0.333333333333333,4.95238095238095,0.238095238095238,0.095238095238095,0.856348838577675,0.218217890235994,0.700340053457026,0.436435780471985,"Auditory",0.610778443113773,1,0.693147180559945,10
317,"sharp",1,4.57142857142857,1.04761904761905,0.333333333333333,1.19047619047619,1.16496474502144,1.53219419383414,0.966091783079296,1.69171651345749,"Haptic",0.366255144032922,45,3.8286413964891,5
322,"shrieking",1,0.142857142857143,4.95238095238095,0.142857142857143,0.142857142857143,0.478091443733757,0.218217890235994,0.654653670707977,0.654653670707977,"Auditory",0.594117647058823,1,0.693147180559945,9
323,"shrill",0.904761904761905,0.263157894736842,4.78947368421053,0.105263157894737,0.105263157894737,0.65337629647495,0.53530337903131,0.458831467741124,0.458831467741124,"Auditory",0.689922480620155,3,1.38629436111989,6
324,"silent",1,0.142857142857143,5,0,0.095238095238095,0.478091443733757,0,0,0.436435780471985,"Auditory",0.695364238410596,38,3.66356164612965,6
325,"silky",1,4.90476190476191,0.238095238095238,0,0.380952380952381,0.300792603759118,0.768424485864545,0,0.669043382464133,"Haptic",0.528205128205128,3,1.38629436111989,5
329,"slimy",1,4.52380952380952,0.80952380952381,0.857142857142857,2.04761904761905,0.980767435177556,1.12334534400814,1.31475147026783,1.82964997953681,"Haptic",0.308300395256917,2,1.09861228866811,5
330,"slippery",1,4.61904761904762,1.47619047619048,0.476190476190476,1.28571428571429,0.804747816162957,1.24976188208185,1.12334534400814,1.64750894209583,"Haptic",0.353658536585366,5,1.79175946922806,8
333,"smelly",1,0.238095238095238,0.333333333333333,5,1.42857142857143,0.700340053457026,0.730296743340221,0,1.59910689359494,"Olfactory",0.568181818181818,3,1.38629436111989,6
334,"smoky",1,0.476190476190476,0.666666666666667,4.57142857142857,3.33333333333333,0.980767435177556,1.15470053837925,0.870139561876633,1.49443411809733,"Olfactory",0.301754385964912,2,1.09861228866811,5
335,"smooth",1,4.95238095238095,1.33333333333333,0.380952380952381,1.85714285714286,0.218217890235994,1.6532795690183,0.973457265430305,1.71130693581585,"Haptic",0.360902255639098,31,3.46573590279973,6
336,"snarling",0.952380952380952,0.238095238095238,4.38095238095238,0,0,0.700340053457026,1.16086995293144,0,0,"Auditory",0.538011695906433,2,1.09861228866811,8
337,"snorting",0.952380952380952,0.3,4.65,0.35,0.35,0.656946685331786,0.812727700887249,0.812727700887249,1.18210338847862,"Auditory",0.514792899408284,1,0.693147180559945,8
340,"soft",1,4.95238095238095,1.66666666666667,0.666666666666667,1.33333333333333,0.218217890235994,1.85292561462497,1.49443411809733,1.68325082306035,"Haptic",0.335820895522388,61,4.12713438504509,4
341,"soggy",1,4.28571428571429,1.23809523809524,1.19047619047619,2.04761904761905,1.0555973258235,1.33808676492827,1.56904581255767,1.59612626305661,"Haptic",0.243445692883895,2,1.09861228866811,5
342,"solid",1,4.80952380952381,1.85714285714286,0.19047619047619,1.71428571428571,0.511766315719159,1.62128696675556,0.601585207518238,1.95301964001536,"Haptic",0.351449275362319,36,3.61091791264422,5
343,"sonorous",0.428571428571429,0.888888888888889,4.77777777777778,0.111111111111111,0,1.69148192751537,0.440958551844097,0.333333333333333,0,"Auditory",0.741379310344828,1,0.693147180559945,8
344,"sore",1,4.28571428571429,1.04761904761905,0.095238095238095,0.095238095238095,1.0555973258235,1.39557122627942,0.300792603759119,0.436435780471985,"Haptic",0.480874316939891,9,2.30258509299405,4
345,"soundless",1,0.333333333333333,4.42857142857143,0.047619047619048,0.047619047619048,0.966091783079296,1.36277028773849,0.218217890235992,0.218217890235992,"Auditory",0.666666666666667,1,0.693147180559945,9
346,"sour",1,0.047619047619048,0.142857142857143,2.71428571428571,4.80952380952381,0.218217890235992,0.478091443733757,1.61687529336239,0.679635756787974,"Gustatory",0.53475935828877,6,1.94591014905531,4
349,"spicy",1,0.428571428571429,0.333333333333333,4.23809523809524,5,0.978336781043653,0.966091783079296,0.889087279447968,0,"Gustatory",0.4,2,1.09861228866811,5
350,"spiky",1,4.85714285714286,0.666666666666667,0.142857142857143,0.80952380952381,0.358568582800317,1.15470053837925,0.654653670707977,1.40068010691405,"Haptic",0.428571428571428,2,1.09861228866811,5
355,"squeaking",1,0.904761904761905,4.52380952380952,0.047619047619048,0.047619047619048,1.26114082896249,0.813575295780767,0.218217890235992,0.218217890235992,"Auditory",0.648275862068965,0,0,9
356,"squealing",1,0.19047619047619,4.66666666666667,0,0,0.511766315719159,0.795822425754222,0,0,"Auditory",0.675862068965517,1,0.693147180559945,9
358,"stale",1,2.71428571428571,0.714285714285714,3.80952380952381,4.71428571428571,1.64750894209583,1.52127765851133,1.47034171603228,0.717137165600636,"Gustatory",0.254545454545455,4,1.6094379124341,5
360,"stenchy",1,0.19047619047619,0.333333333333333,4.90476190476191,1.52380952380952,0.511766315719159,0.577350269189626,0.436435780471984,1.24976188208185,"Olfactory",0.532258064516129,0,0,7
361,"sticky",1,4.61904761904762,0.047619047619048,0.428571428571429,2.38095238095238,0.740012869900955,0.218217890235992,1.02817452659695,1.74574312188794,"Haptic",0.432432432432432,8,2.19722457733622,6
362,"stinging",1,4.66666666666667,0.380952380952381,0.047619047619048,0.142857142857143,0.730296743340222,0.920662287496912,0.218217890235992,0.478091443733757,"Haptic",0.659863945578231,3,1.38629436111989,8
363,"stinky",1,0.095238095238095,0.238095238095238,4.76190476190476,1.95238095238095,0.300792603759119,0.436435780471985,0.538958431120796,1.68748897703631,"Olfactory",0.547486033519553,0,0,6
369,"sturdy",1,4.19047619047619,0.761904761904762,0.238095238095238,0.285714285714286,1.16700675315302,1.30018313728343,1.09108945117996,1.10194633003868,"Haptic",0.410891089108911,5,1.79175946922806,6
371,"sweaty",1,3.52380952380952,0.238095238095238,4.04761904761905,1.42857142857143,1.5039630187956,0.538958431120797,1.02353263143832,1.59910689359494,"Olfactory",0.291970802919708,2,1.09861228866811,6
372,"sweet",1,0.571428571428571,1.19047619047619,3.9047619047619,4.85714285714286,1.247855302967,1.96517295979381,1.26114082896249,0.358568582800317,"Gustatory",0.337078651685393,35,3.58351893845611,5
377,"tangy",1,0.19047619047619,0.19047619047619,3.0952380952381,4.75,0.511766315719159,0.511766315719159,1.4108423691101,0.550119604220181,"Gustatory",0.504611330698287,1,0.693147180559945,5
380,"tart",0.904761904761905,0.842105263157895,0.105263157894737,1.89473684210526,4.15789473684211,1.38496521796425,0.315301767642306,1.48678388335006,1.42451387009108,"Gustatory",0.430167597765363,3,1.38629436111989,4
381,"tasteless",1,0.19047619047619,0.333333333333333,3.23809523809524,4.33333333333333,0.402373908081478,0.730296743340221,1.37494588638106,1.35400640077266,"Gustatory",0.450777202072539,1,0.693147180559945,9
382,"tasty",1,0.333333333333333,0.19047619047619,3.9047619047619,5,0.658280588604383,0.511766315719159,0.995226703056238,0,"Gustatory",0.39453125,4,1.6094379124341,5
383,"tender",1,3.95238095238095,1.61904761904762,1.23809523809524,2.61904761904762,1.32197543381829,1.49920613913466,1.51343192462568,1.71686314178476,"Haptic",0.218390804597701,17,2.89037175789616,6
384,"tepid",0.904761904761905,3.68421052631579,0.315789473684211,0.473684210526316,1.36842105263158,1.4926721593969,0.582392725357819,1.17229220156408,1.60591013709393,"Haptic",0.492307692307692,1,0.693147180559945,5
385,"thorny",1,4.90476190476191,0.761904761904762,0.238095238095238,0.761904761904762,0.300792603759118,1.04425867986634,0.700340053457026,1.44584791402007,"Haptic",0.420600858369099,1,0.693147180559945,6
386,"thudding",1,2.23809523809524,4.57142857142857,0.047619047619048,0.047619047619048,1.89485518984333,0.978336781043654,0.218217890235992,0.218217890235992,"Auditory",0.463414634146341,1,0.693147180559945,8
387,"thumping",1,2.52380952380952,3.9047619047619,0.19047619047619,0.142857142857143,1.66189793967763,1.51343192462568,0.872871560943969,0.654653670707977,"Auditory",0.401015228426396,3,1.38629436111989,8
388,"thunderous",1,0.380952380952381,4.52380952380952,0.380952380952381,0,0.920662287496912,0.749603069567329,0.973457265430305,0,"Auditory",0.536723163841808,1,0.693147180559945,10
389,"ticklish",1,4.66666666666667,1.0952380952381,0.142857142857143,0.19047619047619,0.658280588604384,1.57812426331902,0.654653670707977,0.872871560943969,"Haptic",0.516304347826087,0,0,8
390,"tight",1,4.14285714285714,0.714285714285714,0.095238095238095,0,1.15263672879682,1.0555973258235,0.436435780471985,0,"Haptic",0.467741935483871,38,3.66356164612965,5
391,"tingly",0.952380952380952,4.8,0.5,0.4,1.15,0.523148363780596,1.10023920844036,1.04629672756119,1.42441123571146,"Haptic",0.567741935483871,0,0,6
392,"tinkling",0.952380952380952,1.5,4.15,0.2,0,1.63835604381825,1.34848843251679,0.523148363780597,0,"Auditory",0.542483660130719,0,0,8
394,"tough",1,3.76190476190476,0.571428571428571,0.142857142857143,2.14285714285714,1.51343192462568,0.978336781043653,0.358568582800318,2.0071301473924,"Haptic",0.361904761904762,32,3.49650756146648,5
400,"unpalatable",0.80952380952381,1.35294117647059,0.235294117647059,3.70588235294118,4.76470588235294,1.22173935797433,0.437237316097603,1.4901638283404,0.562295714538387,"Gustatory",0.333333333333333,1,0.693147180559945,11
403,"vinegary",1,0.380952380952381,0,4.19047619047619,4.95238095238095,0.804747816162957,0,0.749603069567329,0.218217890235994,"Gustatory",0.438818565400844,0,0,8
405,"wailing",0.952380952380952,0.25,4.95,0.1,0.15,0.638666373658505,0.223606797749978,0.447213595499958,0.670820393249937,"Auditory",0.58433734939759,2,1.09861228866811,7
406,"warbling",0.761904761904762,0.8125,3.9375,0.25,0.25,1.47054411698527,1.69189243156886,0.774596669241483,0.774596669241483,"Auditory",0.51304347826087,0,0,8
407,"warm",1,4.80952380952381,0.619047619047619,1.14285714285714,2.85714285714286,0.402373908081478,1.07126982951031,1.55838744494796,2.15141149680191,"Haptic",0.354838709677419,70,4.26267987704132,4
408,"waxy",1,4.66666666666667,0.619047619047619,2.14285714285714,1.61904761904762,0.577350269189627,1.07126982951031,1.82443729093971,1.74574312188794,"Haptic",0.31021897810219,1,0.693147180559945,4
410,"weightless",1,4.28571428571429,1.23809523809524,0.142857142857143,0.285714285714286,1.30930734141595,1.44584791402007,0.478091443733757,0.902377811277357,"Haptic",0.46031746031746,1,0.693147180559945,10
411,"wet",1,4.66666666666667,1.85714285714286,1.80952380952381,1.71428571428571,0.577350269189627,1.55838744494796,1.56904581255767,1.76473389333512,"Haptic",0.205298013245033,40,3.71357206670431,3
412,"whiffy",0.952380952380952,0.2,0.3,4.9,1.5,0.523148363780597,0.801314709186032,0.307793505625547,1.53896752812773,"Olfactory",0.598726114649682,0,0,6
413,"whimpering",1,0.380952380952381,4.80952380952381,0.19047619047619,0.047619047619048,0.740012869900955,0.601585207518238,0.872871560943969,0.218217890235992,"Auditory",0.555555555555556,1,0.693147180559945,10
414,"whining",1,0.142857142857143,4.85714285714286,0.095238095238095,0.095238095238095,0.478091443733757,0.358568582800317,0.436435780471985,0.436435780471985,"Auditory",0.62111801242236,1,0.693147180559945,7
415,"whispering",1,0.238095238095238,4.66666666666667,0.095238095238095,0.047619047619048,0.700340053457026,0.577350269189627,0.300792603759119,0.218217890235992,"Auditory",0.617834394904459,5,1.79175946922806,10
416,"whistling",1,0.285714285714286,4.95238095238095,0.095238095238095,0.095238095238095,0.643650304346789,0.218217890235994,0.300792603759119,0.300792603759119,"Auditory",0.649681528662421,3,1.38629436111989,9
422,"woolly",1,4.42857142857143,0.142857142857143,0.142857142857143,0.142857142857143,1.02817452659695,0.358568582800318,0.358568582800318,0.478091443733757,"Haptic",0.46875,3,1.38629436111989,6
